Name,HR,Age,PA,Doubles,BBPct,KPct,BB_K,OBP,BABIP,GB_FB,LDPct,GBPct,FBPct,HR_FB,wFB,wSL,wCT,wCB,wCH,wSF,OSwingPct,ZSwingPct,SwingPct,OContactPct,ZContactPct,ContactPct,ZonePct,FStrikePct,SwStrPct,PullPct,CentPct,OppoPct,SoftPct,MedPct,HardPct,HR1,HR2
Max Muncy,35,27,481,17,0.164,0.272,0.6,0.391,0.299,0.76,0.208,0.343,0.449,0.294,27.1,-1.8,3.1,-0.3,4.2,4.1,0.215,0.578,0.37,0.58,0.804,0.729,0.426,0.559,0.1,0.447,0.312,0.241,0.124,0.402,0.474,#N/A,#N/A
Juan Soto,22,19,494,25,0.16,0.2,0.8,0.406,0.338,1.87,0.175,0.537,0.288,0.247,32.1,-3,-0.3,1,0,-0.9,0.219,0.607,0.388,0.681,0.857,0.801,0.436,0.575,0.077,0.361,0.364,0.275,0.203,0.449,0.348,#N/A,#N/A
Shohei Ohtani,22,23,367,21,0.101,0.278,0.36,0.361,0.35,1.32,0.236,0.436,0.329,0.297,18.5,0.1,-1.2,2.7,2.5,0.5,0.323,0.653,0.457,0.591,0.806,0.716,0.406,0.583,0.13,0.369,0.373,0.258,0.102,0.467,0.431,#N/A,#N/A
Ronald Acuna Jr.,26,20,487,26,0.092,0.253,0.37,0.366,0.352,1.07,0.183,0.423,0.394,0.211,17.3,0.3,1.9,4.2,7,-0.2,0.275,0.728,0.461,0.598,0.827,0.746,0.409,0.62,0.117,0.438,0.361,0.201,0.137,0.419,0.444,#N/A,#N/A
Jeff McNeil,3,26,248,11,0.056,0.097,0.58,0.381,0.359,0.97,0.216,0.387,0.397,0.038,0.7,3.1,0.9,2.3,4.3,1,0.353,0.842,0.56,0.749,0.909,0.851,0.422,0.645,0.084,0.356,0.351,0.293,0.22,0.478,0.302,#N/A,#N/A
Ji-Man Choi,10,27,221,14,0.118,0.249,0.47,0.357,0.315,1.23,0.213,0.434,0.353,0.208,7.5,0,0.6,0.9,0,0.7,0.234,0.653,0.409,0.512,0.832,0.725,0.418,0.566,0.112,0.416,0.307,0.277,0.139,0.423,0.438,#N/A,#N/A
Jesse Winker,7,24,334,16,0.147,0.138,1.07,0.405,0.336,1.24,0.24,0.421,0.339,0.089,10.4,1.3,-0.3,1.9,0.7,0.9,0.222,0.653,0.408,0.704,0.924,0.856,0.431,0.542,0.059,0.371,0.371,0.257,0.118,0.443,0.439,#N/A,#N/A
Miguel Andujar,27,23,606,47,0.041,0.16,0.26,0.328,0.316,1.23,0.202,0.44,0.358,0.157,12.1,8,2.2,5.9,1,-1.4,0.394,0.74,0.531,0.697,0.918,0.819,0.396,0.663,0.096,0.475,0.292,0.233,0.194,0.446,0.36,#N/A,#N/A
Franmil Reyes,16,22,285,9,0.084,0.281,0.3,0.34,0.345,1.65,0.21,0.492,0.298,0.296,6.9,3.3,-0.5,1.5,-0.8,,0.317,0.691,0.464,0.543,0.81,0.699,0.393,0.632,0.14,0.337,0.431,0.232,0.149,0.409,0.442,#N/A,#N/A
Gleyber Torres,24,21,484,16,0.087,0.252,0.34,0.34,0.321,0.77,0.245,0.328,0.427,0.179,13.1,-2.7,-1.3,2.1,1,-0.5,0.344,0.687,0.484,0.559,0.818,0.709,0.409,0.622,0.141,0.422,0.327,0.251,0.14,0.476,0.384,#N/A,#N/A
Adalberto Mondesi,14,22,291,13,0.038,0.265,0.14,0.306,0.335,1.1,0.212,0.413,0.376,0.197,7.9,2.7,2.7,-2,-3.9,1.5,0.371,0.793,0.549,0.474,0.795,0.67,0.421,0.663,0.182,0.416,0.406,0.178,0.178,0.391,0.431,#N/A,#N/A
Joey Wendle,7,28,545,33,0.068,0.176,0.39,0.354,0.353,1.43,0.218,0.46,0.323,0.054,9.7,1.4,2,1.4,-0.4,-1.4,0.359,0.627,0.465,0.702,0.915,0.815,0.395,0.571,0.086,0.36,0.342,0.298,0.161,0.469,0.37,#N/A,#N/A
Charlie Culberson,12,29,322,18,0.065,0.264,0.25,0.326,0.34,1.84,0.203,0.517,0.28,0.207,4.8,4.5,-1.3,2.4,-0.5,0.4,0.39,0.745,0.534,0.607,0.788,0.709,0.405,0.649,0.155,0.425,0.316,0.259,0.217,0.467,0.316,#N/A,#N/A
Mark Canha,17,29,411,22,0.083,0.214,0.39,0.328,0.282,0.95,0.219,0.38,0.401,0.152,2.8,-0.1,-0.6,-2.2,7.8,-0.3,0.311,0.61,0.44,0.734,0.87,0.815,0.43,0.616,0.081,0.448,0.341,0.212,0.186,0.441,0.373,#N/A,#N/A
Brian Anderson,11,25,670,34,0.093,0.193,0.48,0.357,0.332,1.82,0.197,0.518,0.285,0.083,10.9,5.9,-3.4,-3.7,-0.6,-0.4,0.281,0.687,0.462,0.651,0.849,0.782,0.446,0.582,0.101,0.384,0.354,0.261,0.162,0.456,0.382,#N/A,#N/A
Jake Cave,13,25,309,16,0.058,0.33,0.18,0.313,0.363,1.43,0.257,0.437,0.306,0.232,9.4,-4.6,-0.4,-0.6,2.9,0,0.359,0.658,0.49,0.542,0.836,0.715,0.439,0.641,0.14,0.355,0.43,0.215,0.086,0.538,0.376,#N/A,#N/A
Daniel Palka,27,26,449,15,0.067,0.341,0.2,0.294,0.308,1.21,0.163,0.458,0.379,0.27,7.6,0.8,-0.5,-3.6,2,1.2,0.346,0.699,0.489,0.47,0.785,0.652,0.405,0.615,0.17,0.455,0.337,0.208,0.205,0.432,0.364,#N/A,#N/A
Teoscar Hernandez,22,25,523,29,0.078,0.312,0.25,0.302,0.313,0.83,0.199,0.364,0.437,0.159,-0.4,2.6,-2,2.4,-2.1,0.2,0.322,0.743,0.496,0.455,0.757,0.641,0.412,0.641,0.178,0.377,0.361,0.263,0.158,0.468,0.373,#N/A,#N/A
Willy Adames,10,22,323,7,0.096,0.294,0.33,0.348,0.378,1.71,0.175,0.521,0.304,0.169,4,-4.6,-1.2,0.3,2,1.2,0.276,0.708,0.467,0.585,0.817,0.74,0.441,0.57,0.121,0.378,0.352,0.27,0.174,0.48,0.347,#N/A,#N/A
Tony Kemp,6,26,295,15,0.108,0.149,0.73,0.351,0.296,1.39,0.233,0.447,0.32,0.091,3.9,-2.6,-1.1,2.4,-1.5,0.2,0.262,0.635,0.429,0.69,0.901,0.83,0.447,0.597,0.073,0.493,0.288,0.219,0.167,0.53,0.302,#N/A,#N/A
Harrison Bader,12,24,427,20,0.073,0.293,0.25,0.334,0.358,1.19,0.268,0.398,0.335,0.141,12,-2.8,0.9,-1.4,0,-0.3,0.306,0.646,0.451,0.595,0.834,0.741,0.427,0.595,0.117,0.465,0.296,0.239,0.215,0.408,0.377,#N/A,#N/A
Yairo Munoz,8,23,329,16,0.091,0.216,0.42,0.35,0.338,2.33,0.224,0.543,0.233,0.154,7.8,0.2,-0.6,-1.8,1.1,1.1,0.391,0.728,0.529,0.572,0.874,0.742,0.409,0.617,0.136,0.38,0.362,0.259,0.152,0.478,0.371,#N/A,#N/A
Tyler Austin,17,26,268,10,0.071,0.354,0.2,0.287,0.289,1,0.237,0.382,0.382,0.293,7.7,-1.2,0.2,2,-5.7,-0.2,0.324,0.741,0.506,0.437,0.749,0.636,0.436,0.616,0.184,0.382,0.342,0.276,0.138,0.5,0.362,#N/A,#N/A
Mitch Garver,7,27,335,19,0.087,0.215,0.4,0.335,0.33,1.06,0.225,0.398,0.377,0.08,1.3,2.5,-2.3,0.1,-0.4,1.2,0.223,0.576,0.386,0.634,0.869,0.796,0.463,0.576,0.079,0.388,0.345,0.267,0.216,0.379,0.405,#N/A,#N/A
Christian Villanueva,20,27,384,15,0.06,0.271,0.22,0.299,0.276,0.68,0.206,0.323,0.472,0.171,-1.4,-4.8,1.3,-3.2,5.3,-0.3,0.375,0.781,0.542,0.572,0.83,0.725,0.411,0.596,0.149,0.5,0.302,0.198,0.234,0.444,0.323,#N/A,#N/A
Lourdes Gurriel Jr.,11,24,263,8,0.034,0.224,0.15,0.309,0.326,1.3,0.237,0.432,0.332,0.175,1.3,-3.4,2.4,-0.2,1,-0.1,0.393,0.729,0.53,0.651,0.87,0.774,0.408,0.646,0.12,0.451,0.269,0.28,0.155,0.539,0.306,#N/A,#N/A
Niko Goodrum,16,26,492,29,0.085,0.268,0.32,0.315,0.312,1.34,0.228,0.442,0.33,0.155,3,3.3,-2,2.9,-3.1,-0.2,0.335,0.717,0.493,0.57,0.83,0.727,0.415,0.589,0.135,0.405,0.312,0.283,0.159,0.475,0.366,#N/A,#N/A
Colin Moran,11,25,465,19,0.084,0.176,0.48,0.34,0.316,1.53,0.263,0.445,0.292,0.111,4.9,-0.4,1.8,1.5,2.6,-3.5,0.292,0.742,0.498,0.656,0.886,0.812,0.457,0.563,0.093,0.377,0.318,0.306,0.153,0.521,0.327,#N/A,#N/A
Renato Nunez,8,24,261,14,0.073,0.238,0.31,0.322,0.315,0.91,0.171,0.394,0.434,0.105,4.4,0.5,-1,1,-2.9,0.5,0.356,0.688,0.501,0.563,0.817,0.715,0.436,0.598,0.143,0.477,0.307,0.216,0.233,0.494,0.273,#N/A,#N/A
Phillip Ervin,7,25,247,10,0.081,0.243,0.33,0.324,0.31,1.02,0.277,0.365,0.358,0.123,0.8,-0.4,0.4,-1.1,-1.6,0.1,0.282,0.684,0.467,0.642,0.814,0.758,0.46,0.648,0.113,0.352,0.303,0.346,0.198,0.457,0.346,#N/A,#N/A
David Bote,6,25,210,9,0.09,0.286,0.32,0.319,0.314,2.35,0.181,0.575,0.244,0.194,-3,4.9,1.6,-2.5,0.7,-0.1,0.309,0.669,0.467,0.493,0.809,0.692,0.439,0.576,0.144,0.354,0.386,0.26,0.181,0.433,0.386,#N/A,#N/A
Jorge Alfaro,10,25,377,16,0.048,0.366,0.13,0.324,0.406,1.65,0.232,0.478,0.29,0.167,6.3,-6.6,-0.1,1.3,1.1,-0.1,0.469,0.794,0.611,0.429,0.747,0.61,0.437,0.668,0.238,0.28,0.401,0.319,0.145,0.478,0.377,#N/A,#N/A
Max Stassi,8,27,250,13,0.092,0.296,0.31,0.316,0.302,1.69,0.177,0.517,0.306,0.178,-3.3,0.5,1.7,-1.4,0.6,-0.6,0.255,0.664,0.432,0.507,0.755,0.672,0.432,0.656,0.142,0.456,0.374,0.17,0.211,0.429,0.361,#N/A,#N/A
Ronald Guzman,16,23,428,18,0.077,0.283,0.27,0.306,0.299,1.09,0.217,0.408,0.375,0.16,-4.9,2.4,0.9,-2.9,-1.3,5,0.377,0.69,0.506,0.54,0.865,0.723,0.413,0.624,0.14,0.378,0.352,0.27,0.176,0.494,0.33,#N/A,#N/A
Jeimer Candelario,19,24,619,28,0.107,0.258,0.41,0.317,0.279,1.03,0.177,0.417,0.406,0.122,7.4,-3.7,-0.4,-2.5,3,-0.8,0.286,0.619,0.427,0.623,0.852,0.763,0.424,0.554,0.101,0.466,0.302,0.232,0.201,0.448,0.352,#N/A,#N/A
John Hicks,9,28,312,12,0.071,0.269,0.26,0.312,0.337,1.13,0.192,0.429,0.379,0.117,-0.8,-2.5,1.1,0.9,-3.2,-0.1,0.408,0.806,0.568,0.544,0.788,0.683,0.403,0.641,0.18,0.354,0.359,0.286,0.204,0.427,0.369,#N/A,#N/A
Luke Maile,3,27,231,13,0.108,0.29,0.37,0.333,0.351,1.34,0.197,0.46,0.343,0.064,1.2,-2.3,-0.1,-0.7,0.4,0,0.263,0.644,0.431,0.521,0.822,0.719,0.44,0.602,0.121,0.431,0.336,0.234,0.175,0.482,0.343,#N/A,#N/A
Jake Bauers,11,22,388,22,0.139,0.268,0.52,0.316,0.252,1.21,0.206,0.435,0.359,0.138,2.7,0,0.4,1.3,-4.9,-0.4,0.244,0.639,0.403,0.597,0.801,0.727,0.403,0.567,0.11,0.511,0.3,0.189,0.15,0.445,0.405,#N/A,#N/A
Devin Mesoraco,11,30,274,10,0.091,0.19,0.48,0.303,0.236,0.77,0.176,0.358,0.466,0.122,-4.2,-0.2,-2,-3.5,4.7,-1.7,0.31,0.696,0.477,0.665,0.857,0.786,0.432,0.577,0.102,0.518,0.269,0.212,0.218,0.461,0.321,#N/A,#N/A
Kevin Plawecki,7,27,277,13,0.101,0.235,0.43,0.315,0.257,1.26,0.144,0.477,0.379,0.106,-3.9,-1.2,0.9,0.9,-1.3,-0.3,0.285,0.653,0.449,0.568,0.894,0.779,0.445,0.617,0.099,0.463,0.349,0.189,0.194,0.451,0.354,#N/A,#N/A
Isiah Kiner-Falefa,4,23,396,18,0.071,0.157,0.45,0.325,0.306,2.17,0.253,0.512,0.235,0.058,-3.2,-0.4,-4,0.1,-1.2,-0.5,0.287,0.563,0.41,0.711,0.949,0.857,0.445,0.556,0.059,0.387,0.317,0.297,0.183,0.523,0.293,#N/A,#N/A
David Fletcher,1,24,307,18,0.049,0.111,0.44,0.316,0.307,1.16,0.267,0.394,0.339,0.012,-6.3,0.7,1.1,0.7,-2.2,0,0.283,0.537,0.402,0.836,0.956,0.911,0.467,0.622,0.036,0.431,0.322,0.247,0.216,0.494,0.29,#N/A,#N/A
Ryan McMahon,5,23,202,9,0.089,0.317,0.28,0.307,0.327,1.54,0.239,0.462,0.299,0.143,-2.7,-0.9,-0.7,-0.5,2.2,1.2,0.33,0.748,0.513,0.517,0.787,0.69,0.44,0.693,0.159,0.297,0.407,0.297,0.186,0.475,0.339,#N/A,#N/A
Ehire Adrianza,6,28,366,23,0.066,0.224,0.29,0.301,0.313,1.01,0.254,0.375,0.371,0.065,-8.2,-4.7,-1.4,1,5.9,1.6,0.292,0.711,0.48,0.656,0.905,0.822,0.45,0.661,0.086,0.452,0.332,0.216,0.174,0.463,0.363,#N/A,#N/A
Nicky Delmonico,8,25,318,11,0.085,0.252,0.34,0.296,0.269,1.04,0.176,0.42,0.405,0.096,0,-2,0.6,-2.5,-4.3,0.9,0.333,0.722,0.508,0.533,0.847,0.733,0.45,0.616,0.135,0.405,0.307,0.288,0.181,0.522,0.298,#N/A,#N/A
Greg Bird,11,25,311,16,0.096,0.251,0.38,0.286,0.23,0.69,0.165,0.34,0.495,0.115,-7.2,1.5,-1.9,0.3,0,0.3,0.282,0.672,0.455,0.611,0.844,0.764,0.443,0.601,0.108,0.47,0.328,0.202,0.131,0.47,0.399,#N/A,#N/A
Hunter Dozier,11,26,388,19,0.062,0.281,0.22,0.278,0.296,1.13,0.22,0.413,0.366,0.118,1.4,-7.6,-3.6,-0.6,-0.4,-0.7,0.356,0.689,0.501,0.521,0.887,0.741,0.437,0.611,0.13,0.413,0.319,0.268,0.15,0.402,0.449,#N/A,#N/A
Amed Rosario,9,22,592,26,0.049,0.201,0.24,0.295,0.31,1.67,0.209,0.495,0.296,0.07,2.3,-12.4,-3.1,1.1,1.2,-1.5,0.412,0.694,0.538,0.636,0.851,0.76,0.449,0.672,0.129,0.349,0.413,0.238,0.204,0.519,0.277,#N/A,#N/A
Greg Allen,2,25,291,11,0.048,0.199,0.24,0.31,0.32,1.64,0.243,0.47,0.287,0.034,-6.1,-1.7,1.8,-1.5,1,-0.4,0.303,0.628,0.456,0.691,0.889,0.819,0.47,0.625,0.083,0.377,0.363,0.259,0.132,0.505,0.363,#N/A,#N/A
Austin Slater,1,25,225,6,0.089,0.307,0.29,0.333,0.377,3.9,0.208,0.631,0.162,0.048,-1.3,1.3,-1.4,-3,-1.1,-0.2,0.318,0.662,0.47,0.592,0.852,0.754,0.442,0.609,0.116,0.29,0.351,0.359,0.206,0.42,0.374,#N/A,#N/A
Johnny Field,9,26,233,13,0.03,0.309,0.1,0.254,0.284,0.95,0.19,0.395,0.415,0.148,-2,-0.5,-1.1,-0.5,0.9,-0.2,0.319,0.682,0.484,0.513,0.802,0.698,0.456,0.627,0.146,0.417,0.318,0.265,0.212,0.437,0.351,#N/A,#N/A
Erik Kratz,6,38,219,6,0.027,0.183,0.15,0.28,0.264,1.16,0.188,0.436,0.376,0.097,-7.5,-4.1,2,0.1,0.5,,0.338,0.661,0.48,0.658,0.85,0.775,0.44,0.648,0.108,0.398,0.349,0.253,0.121,0.416,0.464,#N/A,#N/A
JaCoby Jones,11,26,467,22,0.051,0.304,0.17,0.266,0.281,1.3,0.239,0.43,0.331,0.117,-13.8,-2.2,1.4,-1.9,1.1,-1.4,0.374,0.689,0.511,0.539,0.839,0.715,0.437,0.66,0.146,0.438,0.345,0.217,0.166,0.472,0.362,#N/A,#N/A
Blake Swihart,3,26,207,10,0.072,0.275,0.26,0.285,0.311,1.1,0.207,0.415,0.378,0.059,0.1,-3.1,-3.9,-0.4,0,-0.7,0.316,0.666,0.472,0.614,0.835,0.753,0.446,0.589,0.116,0.407,0.304,0.289,0.193,0.511,0.296,#N/A,#N/A
Victor Caratini,2,24,200,7,0.06,0.21,0.29,0.293,0.29,2.18,0.229,0.529,0.243,0.059,-4.1,-3.7,2.8,-1.2,-0.7,-0.3,0.286,0.637,0.453,0.563,0.917,0.799,0.475,0.58,0.091,0.373,0.416,0.211,0.204,0.514,0.282,#N/A,#N/A
Rosell Herrera,1,25,302,14,0.063,0.189,0.33,0.286,0.288,2.57,0.215,0.565,0.22,0.02,0.8,-3.5,0.7,-3,-4.2,-0.9,0.251,0.714,0.454,0.579,0.892,0.795,0.438,0.58,0.093,0.388,0.353,0.259,0.201,0.429,0.371,#N/A,#N/A
John Ryan Murphy,9,27,223,9,0.049,0.318,0.15,0.244,0.256,0.63,0.19,0.314,0.496,0.132,-6.8,1,0.3,-3.4,0.6,-0.2,0.322,0.645,0.462,0.545,0.834,0.719,0.431,0.623,0.13,0.429,0.286,0.286,0.186,0.407,0.407,#N/A,#N/A
Dustin Fowler,6,23,203,3,0.039,0.232,0.17,0.256,0.262,1.03,0.197,0.408,0.395,0.103,-3.2,-0.4,-0.3,-3,-1,0.5,0.351,0.694,0.508,0.651,0.889,0.8,0.457,0.626,0.102,0.381,0.333,0.286,0.177,0.429,0.395,#N/A,#N/A
Scott Kingery,8,24,484,23,0.05,0.26,0.19,0.267,0.291,0.86,0.242,0.35,0.408,0.06,-7,-5.7,-2.2,0.7,-4.8,-0.8,0.394,0.646,0.507,0.618,0.815,0.731,0.448,0.678,0.137,0.402,0.369,0.23,0.23,0.505,0.266,#N/A,#N/A
Ronny Rodriguez,5,26,206,7,0.049,0.204,0.24,0.256,0.253,1.2,0.177,0.449,0.374,0.091,-8.5,-4.5,0.5,0.6,0.8,-0.1,0.404,0.686,0.517,0.55,0.861,0.715,0.4,0.592,0.147,0.416,0.357,0.227,0.227,0.422,0.351,#N/A,#N/A
Lewis Brinson,11,24,406,10,0.042,0.296,0.14,0.24,0.257,1.66,0.168,0.519,0.313,0.134,-6.8,-4.6,1,-6,-3.1,-0.6,0.375,0.723,0.529,0.538,0.764,0.674,0.441,0.621,0.172,0.447,0.367,0.186,0.189,0.424,0.386,#N/A,#N/A
Dixon Machado,1,26,233,13,0.06,0.176,0.34,0.263,0.249,1.35,0.25,0.43,0.32,0.018,-8.2,-4,-0.1,-2.1,1.2,0.4,0.279,0.641,0.448,0.638,0.906,0.816,0.465,0.567,0.082,0.434,0.354,0.211,0.16,0.52,0.32,#N/A,#N/A
Victor Reyes,1,23,219,5,0.023,0.21,0.11,0.239,0.277,2.13,0.261,0.503,0.236,0.026,-8.5,0.2,-1.1,-4.6,0.2,0.8,0.472,0.739,0.586,0.769,0.857,0.816,0.427,0.69,0.108,0.339,0.333,0.327,0.196,0.458,0.345,#N/A,#N/A
Pedro Severino,2,24,213,9,0.085,0.221,0.38,0.254,0.211,1.06,0.213,0.404,0.383,0.037,-5.6,-7.3,-1.7,-0.4,0.6,-1.1,0.328,0.68,0.486,0.7,0.849,0.793,0.447,0.681,0.1,0.486,0.326,0.188,0.229,0.549,0.222,#N/A,#N/A
Leonys Martin,11,30,353,15,0.085,0.218,0.39,0.323,0.302,0.79,0.177,0.362,0.461,0.103,0.6,-3.1,1.4,5.2,1.7,-0.7,0.296,0.756,0.499,0.612,0.838,0.763,0.441,0.575,0.118,0.444,0.3,0.255,0.189,0.432,0.379,#N/A,15
Jefry Marte,7,27,209,7,0.062,0.196,0.32,0.273,0.24,1.83,0.15,0.549,0.301,0.152,-6.1,-0.6,-1.1,0.9,1.3,-0.2,0.293,0.638,0.436,0.742,0.85,0.808,0.415,0.555,0.084,0.529,0.288,0.183,0.19,0.51,0.301,#N/A,15
Adam Eaton,5,29,370,18,0.103,0.173,0.59,0.394,0.364,1.8,0.263,0.474,0.263,0.077,9.7,-5.5,1.2,2.9,4.6,2.1,0.284,0.606,0.428,0.728,0.892,0.832,0.446,0.605,0.072,0.319,0.319,0.362,0.187,0.486,0.327,#N/A,14
Jorge Soler,9,26,257,18,0.109,0.268,0.41,0.354,0.34,1.38,0.192,0.468,0.34,0.17,8.6,-0.5,-1.6,-0.2,2.6,-0.3,0.288,0.68,0.438,0.422,0.804,0.648,0.382,0.627,0.154,0.532,0.269,0.199,0.173,0.397,0.43,#N/A,12
Devon Travis,11,27,378,14,0.042,0.169,0.25,0.275,0.255,1.72,0.212,0.498,0.29,0.129,-5.2,-6.7,1.1,0.3,2.5,-0.8,0.317,0.693,0.485,0.668,0.901,0.817,0.447,0.627,0.089,0.362,0.328,0.311,0.208,0.488,0.304,#N/A,11
Brandon Guyer,7,32,221,11,0.068,0.217,0.31,0.3,0.237,0.98,0.196,0.399,0.406,0.121,-2.2,-1.1,2,-1.1,-0.9,-0.5,0.299,0.682,0.464,0.689,0.86,0.798,0.432,0.606,0.094,0.51,0.313,0.177,0.197,0.429,0.374,#N/A,9
Tyler White,12,27,237,12,0.101,0.207,0.49,0.354,0.307,0.91,0.185,0.389,0.426,0.174,4.7,6.7,0.3,1,0,0.4,0.261,0.628,0.413,0.721,0.893,0.829,0.413,0.553,0.071,0.42,0.377,0.204,0.21,0.463,0.327,#N/A,8
Martin Prado,1,34,209,9,0.053,0.167,0.31,0.287,0.292,1.65,0.247,0.469,0.284,0.022,-0.3,-2.3,-3.2,-1.9,-0.4,0.6,0.275,0.528,0.387,0.704,0.932,0.842,0.444,0.651,0.061,0.333,0.358,0.309,0.13,0.568,0.303,#N/A,8
David Dahl,16,24,271,11,0.07,0.251,0.28,0.325,0.311,1.04,0.23,0.393,0.377,0.232,4.7,1,3.7,1.4,-1.9,-0.2,0.396,0.77,0.554,0.624,0.784,0.718,0.424,0.62,0.156,0.454,0.333,0.213,0.159,0.465,0.377,#N/A,7
Brock Holt,7,30,367,18,0.101,0.199,0.51,0.362,0.337,2.08,0.242,0.512,0.246,0.115,11,-2.3,0.7,-0.3,1,-0.3,0.208,0.568,0.375,0.689,0.92,0.851,0.464,0.578,0.056,0.432,0.316,0.252,0.188,0.52,0.292,#N/A,7
Jurickson Profar,20,25,594,35,0.091,0.148,0.61,0.335,0.269,1.28,0.218,0.439,0.343,0.132,8.6,2.8,-3.9,6.4,0.5,-1.2,0.333,0.687,0.484,0.721,0.894,0.826,0.428,0.603,0.084,0.398,0.33,0.273,0.202,0.425,0.373,#N/A,5
Matt Duffy,4,27,560,22,0.084,0.166,0.51,0.361,0.353,2.65,0.253,0.543,0.204,0.048,11.3,-3.2,-6.4,-2.6,1.3,3.1,0.298,0.678,0.463,0.701,0.925,0.843,0.433,0.634,0.073,0.293,0.378,0.329,0.143,0.547,0.31,#N/A,5
Nick Ahmed,16,28,564,33,0.071,0.193,0.37,0.29,0.265,1.18,0.244,0.408,0.347,0.113,-10.8,2.8,-1.4,-1.9,3.5,-0.2,0.342,0.703,0.501,0.573,0.886,0.766,0.439,0.654,0.117,0.39,0.363,0.247,0.172,0.436,0.392,#N/A,4
Travis Jankowski,4,27,387,12,0.096,0.189,0.51,0.332,0.319,2.92,0.218,0.582,0.199,0.077,-3.4,2.2,0,0.5,-2.7,0.1,0.217,0.609,0.399,0.659,0.919,0.843,0.464,0.633,0.063,0.344,0.337,0.319,0.214,0.529,0.257,#N/A,2
Giancarlo Stanton,38,28,705,34,0.099,0.299,0.33,0.343,0.333,1.23,0.185,0.45,0.365,0.25,27,-11.8,0.5,2.4,4.7,-2.7,0.325,0.653,0.449,0.522,0.805,0.678,0.379,0.567,0.145,0.389,0.37,0.24,0.19,0.387,0.423,59,27
Aaron Judge,27,26,498,22,0.153,0.305,0.5,0.392,0.368,1.19,0.233,0.417,0.35,0.29,20,12.1,-2.5,2.8,-1.4,-0.8,0.251,0.638,0.403,0.441,0.791,0.659,0.393,0.556,0.138,0.402,0.312,0.286,0.135,0.384,0.481,52,#N/A
J.D. Martinez,43,30,649,37,0.106,0.225,0.47,0.402,0.375,1.28,0.226,0.435,0.34,0.295,39.8,3.8,0.9,6.3,4.4,2.5,0.332,0.766,0.504,0.589,0.834,0.737,0.396,0.595,0.133,0.377,0.309,0.314,0.109,0.442,0.449,45,22
Khris Davis,48,30,654,28,0.09,0.268,0.34,0.326,0.261,0.72,0.159,0.353,0.488,0.241,28.1,2.7,1.1,-4,-1.9,-1.7,0.278,0.784,0.493,0.491,0.777,0.685,0.426,0.616,0.156,0.358,0.402,0.24,0.108,0.439,0.453,43,42
Joey Gallo,40,24,577,24,0.128,0.359,0.36,0.312,0.249,0.59,0.206,0.296,0.498,0.276,9.7,2.8,1,-7.6,6.5,0,0.322,0.744,0.483,0.47,0.72,0.617,0.381,0.596,0.185,0.451,0.314,0.236,0.126,0.389,0.485,41,#N/A
Cody Bellinger,25,22,632,28,0.109,0.239,0.46,0.343,0.313,0.99,0.199,0.4,0.402,0.152,9.6,3.9,2.4,2.5,1.7,-0.8,0.283,0.669,0.451,0.623,0.78,0.724,0.434,0.581,0.124,0.452,0.32,0.227,0.181,0.418,0.401,39,#N/A
Nelson Cruz,37,37,591,18,0.093,0.206,0.45,0.342,0.264,1.14,0.175,0.44,0.385,0.24,4.8,-3.8,6.4,-2.3,7.9,-0.5,0.319,0.697,0.465,0.511,0.858,0.711,0.385,0.543,0.134,0.408,0.348,0.245,0.163,0.415,0.423,39,43
Mike Moustakas,28,29,635,33,0.077,0.162,0.48,0.315,0.259,0.74,0.197,0.34,0.463,0.128,-4.1,2.6,0.7,3.8,2.8,0,0.37,0.736,0.521,0.677,0.884,0.798,0.413,0.591,0.106,0.427,0.342,0.231,0.212,0.376,0.412,38,#N/A
Edwin Encarnacion,32,35,579,16,0.109,0.228,0.48,0.336,0.265,0.82,0.203,0.36,0.437,0.195,2.3,-0.6,4.8,5.5,0.6,0.8,0.29,0.672,0.446,0.618,0.844,0.757,0.408,0.572,0.108,0.456,0.315,0.229,0.152,0.424,0.424,38,42
Justin Smoak,25,31,594,34,0.14,0.263,0.53,0.35,0.297,0.93,0.179,0.395,0.426,0.167,10.3,2,0.4,-0.3,6.2,-0.5,0.246,0.635,0.403,0.608,0.855,0.765,0.403,0.556,0.095,0.492,0.296,0.213,0.145,0.517,0.338,38,14
Logan Morrison,15,30,359,13,0.095,0.223,0.43,0.276,0.196,0.71,0.191,0.335,0.475,0.134,-1.7,-1.6,-1.9,-2.2,0.4,-1.6,0.296,0.738,0.478,0.597,0.871,0.771,0.412,0.543,0.109,0.473,0.297,0.23,0.184,0.439,0.377,38,14
Nolan Arenado,38,27,673,38,0.108,0.181,0.6,0.374,0.314,1.03,0.213,0.399,0.388,0.207,26.4,1.7,-2.7,6.7,8.7,0.4,0.332,0.733,0.498,0.662,0.844,0.773,0.415,0.584,0.113,0.398,0.368,0.234,0.154,0.417,0.43,37,41
Charlie Blackmon,29,31,696,31,0.085,0.193,0.44,0.358,0.329,1.3,0.232,0.434,0.334,0.177,15.3,4.2,1.6,5.9,5,-0.6,0.318,0.666,0.474,0.699,0.893,0.821,0.448,0.602,0.085,0.408,0.37,0.222,0.16,0.483,0.358,37,29
Marcell Ozuna,23,27,628,16,0.061,0.175,0.35,0.325,0.309,1.35,0.181,0.471,0.349,0.139,14.1,0.9,-3,-3.4,-1.4,-0.1,0.325,0.728,0.485,0.613,0.87,0.766,0.396,0.613,0.113,0.422,0.353,0.225,0.158,0.391,0.452,37,23
Jay Bruce,9,31,361,18,0.114,0.208,0.55,0.31,0.263,0.59,0.238,0.283,0.48,0.077,-1.4,-1.5,-2.4,2.6,-4.4,1,0.307,0.764,0.492,0.583,0.811,0.727,0.405,0.571,0.134,0.451,0.365,0.184,0.16,0.508,0.332,36,33
Joey Votto,12,34,623,28,0.173,0.162,1.07,0.417,0.333,1.21,0.314,0.375,0.311,0.095,11.9,4.6,5.6,1.6,2.4,-1.8,0.164,0.686,0.397,0.784,0.867,0.848,0.447,0.559,0.06,0.353,0.338,0.309,0.091,0.499,0.41,36,29
Paul Goldschmidt,33,30,690,35,0.13,0.251,0.52,0.389,0.359,1.06,0.25,0.386,0.364,0.216,28.2,10,-0.4,3.6,6.5,0.2,0.288,0.624,0.423,0.667,0.822,0.759,0.404,0.591,0.102,0.379,0.364,0.257,0.169,0.369,0.462,36,24
Ryan Zimmerman,13,33,323,21,0.093,0.17,0.55,0.337,0.284,1.46,0.174,0.489,0.336,0.165,4.1,0,2.5,0,2.5,-0.3,0.288,0.562,0.404,0.64,0.883,0.784,0.424,0.554,0.088,0.315,0.426,0.26,0.17,0.434,0.396,36,15
Justin Upton,30,30,613,18,0.104,0.287,0.36,0.344,0.321,1.18,0.218,0.424,0.358,0.231,5.9,5.7,-0.5,7.6,-2,0.5,0.249,0.664,0.426,0.556,0.795,0.715,0.427,0.576,0.122,0.466,0.325,0.209,0.168,0.394,0.438,35,31
Brian Dozier,21,31,632,30,0.111,0.204,0.54,0.305,0.24,0.9,0.168,0.395,0.437,0.112,1.4,-4.6,0.3,-6.5,5.2,-0.1,0.225,0.605,0.396,0.654,0.857,0.794,0.45,0.565,0.082,0.499,0.338,0.163,0.17,0.457,0.373,34,42
George Springer,22,28,620,26,0.103,0.197,0.52,0.346,0.303,1.43,0.16,0.494,0.346,0.15,-0.7,3.1,2.5,4.4,4.5,-1.8,0.255,0.685,0.442,0.637,0.852,0.782,0.434,0.571,0.096,0.398,0.369,0.233,0.177,0.489,0.334,34,29
Manny Machado,37,25,709,35,0.099,0.147,0.67,0.367,0.304,0.95,0.178,0.4,0.422,0.164,12.9,6.4,1.1,7.3,-2.3,0,0.322,0.735,0.488,0.658,0.89,0.798,0.401,0.563,0.099,0.381,0.362,0.257,0.175,0.439,0.387,33,37
Josh Donaldson,8,32,219,14,0.142,0.247,0.57,0.352,0.302,1.36,0.172,0.478,0.351,0.17,5.3,-0.7,-1.4,0,0.1,1.3,0.246,0.669,0.418,0.527,0.779,0.691,0.407,0.557,0.129,0.403,0.366,0.231,0.187,0.403,0.41,33,37
Mike Trout,39,26,608,24,0.201,0.204,0.98,0.46,0.346,0.69,0.234,0.313,0.453,0.245,33.1,8.4,7.2,4.4,9.1,0.8,0.218,0.591,0.376,0.69,0.917,0.841,0.424,0.581,0.06,0.402,0.373,0.225,0.16,0.396,0.444,33,29
Jose Abreu,22,31,553,36,0.067,0.197,0.34,0.325,0.294,1.28,0.212,0.442,0.346,0.161,5.3,-1.4,3.8,-1.7,1.7,0.9,0.372,0.659,0.49,0.669,0.869,0.779,0.411,0.624,0.108,0.391,0.399,0.21,0.172,0.45,0.379,33,25
Gary Sanchez,18,25,374,17,0.123,0.251,0.49,0.291,0.197,1,0.143,0.429,0.429,0.182,5.2,-11.5,2.5,0,-1.3,-0.7,0.323,0.624,0.439,0.557,0.864,0.725,0.384,0.551,0.121,0.511,0.307,0.182,0.195,0.45,0.355,33,20
Francisco Lindor,38,24,745,42,0.094,0.144,0.65,0.352,0.279,0.98,0.216,0.388,0.396,0.173,23.4,5.4,-0.6,-3.7,16.4,-2.1,0.327,0.679,0.469,0.745,0.909,0.841,0.404,0.558,0.075,0.404,0.346,0.25,0.161,0.423,0.416,33,15
Anthony Rizzo,25,28,665,29,0.105,0.12,0.88,0.376,0.287,1.02,0.247,0.379,0.373,0.136,12.7,0.2,-3.4,4.4,9.1,2.1,0.328,0.679,0.475,0.75,0.919,0.851,0.418,0.57,0.071,0.453,0.346,0.202,0.166,0.493,0.341,32,32
Jonathan Schoop,21,26,501,22,0.038,0.23,0.17,0.266,0.261,1.23,0.183,0.452,0.366,0.159,-12.6,-1.3,4.2,0.9,-3.2,-0.1,0.431,0.771,0.568,0.576,0.863,0.733,0.402,0.593,0.152,0.433,0.35,0.218,0.231,0.49,0.278,32,25
Eric Thames,16,31,278,10,0.104,0.349,0.3,0.306,0.284,0.71,0.2,0.333,0.467,0.229,4.2,-0.7,2.1,-6,3.8,-0.4,0.321,0.691,0.477,0.449,0.813,0.672,0.423,0.63,0.157,0.44,0.34,0.22,0.12,0.42,0.46,31,#N/A
Adam Duvall,15,29,427,20,0.087,0.274,0.32,0.274,0.237,0.63,0.22,0.302,0.478,0.117,-6.2,-3.1,0.7,-2,-5.5,0.7,0.342,0.713,0.498,0.595,0.826,0.735,0.421,0.635,0.132,0.47,0.332,0.198,0.183,0.452,0.366,31,33
Travis Shaw,32,28,587,23,0.133,0.184,0.72,0.345,0.242,0.84,0.181,0.374,0.445,0.183,16.7,-3.8,1.5,3.1,1.4,1.4,0.288,0.665,0.444,0.709,0.879,0.814,0.412,0.542,0.082,0.458,0.325,0.217,0.199,0.403,0.398,31,16
Kyle Schwarber,26,25,510,14,0.153,0.275,0.56,0.356,0.288,1.18,0.192,0.437,0.371,0.245,3.6,-0.5,0.2,3.5,2.7,1.6,0.252,0.649,0.414,0.541,0.821,0.72,0.407,0.559,0.116,0.436,0.333,0.23,0.168,0.43,0.402,30,#N/A
Lucas Duda,14,32,367,14,0.076,0.278,0.27,0.313,0.302,0.63,0.258,0.288,0.454,0.135,-0.7,-2.7,1.3,2.1,0.8,-0.8,0.323,0.622,0.444,0.538,0.825,0.7,0.404,0.624,0.133,0.419,0.31,0.271,0.183,0.432,0.384,30,#N/A
Rougned Odor,18,24,535,23,0.08,0.237,0.34,0.326,0.305,1.05,0.195,0.411,0.393,0.137,1.3,-2.3,0,0.8,2.2,2.9,0.354,0.646,0.476,0.664,0.871,0.782,0.418,0.609,0.104,0.466,0.359,0.175,0.15,0.398,0.452,30,33
Jake Lamb,6,27,238,8,0.109,0.273,0.4,0.307,0.286,1.67,0.178,0.514,0.308,0.133,-3.7,2.4,-1.4,1.4,-0.6,-0.2,0.287,0.604,0.426,0.522,0.864,0.735,0.438,0.626,0.113,0.438,0.295,0.267,0.185,0.39,0.425,30,29
Wil Myers,11,27,343,25,0.087,0.274,0.32,0.318,0.327,1.51,0.275,0.436,0.289,0.175,11.1,-2.6,-1.3,0.6,-3.9,-1.3,0.338,0.655,0.466,0.692,0.832,0.772,0.404,0.644,0.106,0.502,0.333,0.164,0.123,0.411,0.466,30,28
Steven Souza Jr.,5,29,272,15,0.103,0.276,0.37,0.309,0.298,0.97,0.241,0.373,0.386,0.078,-4.9,-2.3,1.6,1.1,-1,0,0.252,0.699,0.437,0.572,0.834,0.745,0.414,0.618,0.111,0.38,0.355,0.265,0.181,0.38,0.44,30,17
Mark Reynolds,13,34,235,8,0.102,0.272,0.38,0.328,0.288,0.98,0.179,0.407,0.414,0.217,0.7,1.2,-2.2,2.6,0.6,-0.7,0.26,0.743,0.463,0.448,0.763,0.661,0.42,0.545,0.157,0.483,0.338,0.179,0.172,0.469,0.359,30,14
Domingo Santana,5,25,235,14,0.085,0.328,0.26,0.328,0.386,1.76,0.234,0.489,0.277,0.132,4.5,3.1,2,-2.2,-3.6,-0.3,0.309,0.718,0.472,0.482,0.782,0.664,0.399,0.651,0.159,0.387,0.416,0.197,0.124,0.475,0.402,30,11
Scott Schebler,17,27,430,19,0.091,0.23,0.39,0.337,0.301,1.64,0.216,0.488,0.297,0.202,8.6,1.7,1.9,-0.4,-2.8,0.5,0.35,0.825,0.547,0.567,0.79,0.706,0.414,0.6,0.161,0.449,0.346,0.205,0.159,0.459,0.382,30,9
Kris Bryant,13,26,457,28,0.105,0.234,0.45,0.374,0.342,0.84,0.253,0.34,0.407,0.112,14.9,-2.4,2.5,-2.1,3.3,0.5,0.3,0.736,0.487,0.587,0.842,0.752,0.429,0.6,0.121,0.481,0.319,0.2,0.19,0.498,0.312,29,39
Bryce Harper,34,25,695,34,0.187,0.243,0.77,0.393,0.289,1.05,0.222,0.398,0.38,0.231,32.2,2.7,1.1,0.4,-0.1,0.9,0.261,0.754,0.454,0.554,0.796,0.711,0.391,0.574,0.131,0.423,0.295,0.282,0.118,0.459,0.423,29,24
Jose Ramirez,39,25,698,38,0.152,0.115,1.33,0.387,0.252,0.73,0.207,0.334,0.459,0.169,38.3,1.9,0.1,3.7,4.9,0,0.223,0.623,0.385,0.794,0.921,0.877,0.404,0.53,0.047,0.5,0.302,0.198,0.183,0.456,0.361,29,11
Freddie Freeman,23,28,707,44,0.107,0.187,0.58,0.388,0.358,1.16,0.323,0.364,0.313,0.149,19.1,11.5,0.8,7.8,0.2,1,0.345,0.851,0.556,0.668,0.84,0.778,0.417,0.603,0.124,0.431,0.311,0.258,0.11,0.472,0.419,28,34
Kendrys Morales,21,35,471,15,0.106,0.202,0.53,0.331,0.272,1.26,0.18,0.458,0.362,0.179,1.9,-1,1,-0.8,2.1,-0.6,0.316,0.63,0.435,0.582,0.867,0.739,0.38,0.558,0.114,0.372,0.359,0.269,0.136,0.458,0.406,28,30
Miguel Sano,13,25,299,14,0.104,0.385,0.27,0.281,0.286,1.06,0.15,0.438,0.412,0.206,-2.8,-6.9,-0.9,2.2,1.2,-1.1,0.3,0.682,0.454,0.454,0.804,0.665,0.401,0.569,0.152,0.425,0.333,0.242,0.15,0.425,0.425,28,25
Andrew McCutchen,20,31,682,30,0.139,0.213,0.66,0.368,0.304,1.16,0.23,0.413,0.357,0.13,23.1,-4.4,-0.9,2.6,-0.7,-0.3,0.194,0.641,0.398,0.654,0.845,0.795,0.458,0.56,0.082,0.439,0.364,0.197,0.135,0.432,0.434,28,24
Yasiel Puig,23,27,444,21,0.081,0.196,0.41,0.327,0.286,1.18,0.213,0.426,0.361,0.2,-4.6,5.7,1.4,1.3,4.8,0.9,0.311,0.715,0.478,0.591,0.898,0.781,0.413,0.655,0.105,0.419,0.35,0.231,0.241,0.375,0.384,28,11
Yonder Alonso,23,31,574,19,0.089,0.214,0.41,0.317,0.283,0.96,0.217,0.383,0.401,0.145,12.9,-1.9,0.6,-1.2,-6.9,-1.7,0.33,0.752,0.504,0.587,0.886,0.771,0.412,0.573,0.115,0.437,0.344,0.219,0.199,0.425,0.377,28,7
Todd Frazier,18,32,472,18,0.102,0.237,0.43,0.303,0.241,0.78,0.188,0.355,0.457,0.129,4.9,-0.7,-0.5,-5.5,-2.1,-0.6,0.268,0.591,0.405,0.656,0.857,0.78,0.423,0.542,0.089,0.497,0.303,0.201,0.174,0.418,0.408,27,40
Kyle Seager,22,30,630,36,0.06,0.219,0.28,0.273,0.251,0.76,0.214,0.339,0.446,0.11,-9.1,-3.3,-1.8,-4.5,1,2.9,0.291,0.709,0.471,0.631,0.874,0.788,0.43,0.589,0.1,0.441,0.356,0.203,0.111,0.519,0.37,27,30
Corey Dickerson,13,29,533,35,0.039,0.15,0.26,0.33,0.333,1.07,0.272,0.376,0.352,0.087,1.7,4.2,-0.8,4.5,0.4,-1.1,0.453,0.795,0.593,0.738,0.858,0.804,0.41,0.636,0.116,0.311,0.362,0.327,0.178,0.481,0.341,27,24
Salvador Perez,27,28,544,23,0.031,0.199,0.16,0.274,0.245,0.77,0.204,0.346,0.45,0.148,6.1,-9.4,0.4,-4.9,-2.3,0.9,0.484,0.713,0.57,0.664,0.901,0.775,0.374,0.671,0.128,0.467,0.334,0.199,0.12,0.42,0.46,27,22
Scooter Gennett,23,28,638,30,0.066,0.196,0.34,0.357,0.358,1.11,0.236,0.401,0.362,0.138,0.2,4.4,3.4,2.9,10,0.2,0.383,0.731,0.529,0.753,0.869,0.82,0.42,0.618,0.095,0.405,0.321,0.274,0.156,0.456,0.388,27,14
Michael Conforto,28,25,638,25,0.132,0.249,0.53,0.35,0.289,1.2,0.196,0.438,0.366,0.197,14.4,2.2,4.1,-0.4,-5,0.9,0.276,0.651,0.432,0.587,0.84,0.745,0.415,0.585,0.11,0.43,0.317,0.253,0.178,0.464,0.358,27,12
Eddie Rosario,24,26,592,31,0.051,0.176,0.29,0.323,0.316,0.81,0.203,0.357,0.441,0.12,-1.6,0.9,6.8,-1.4,6.1,0.2,0.429,0.785,0.576,0.698,0.839,0.778,0.414,0.615,0.128,0.435,0.332,0.234,0.175,0.461,0.365,27,10
Hunter Renfroe,26,26,441,23,0.068,0.247,0.28,0.302,0.271,0.88,0.197,0.375,0.428,0.203,-2.3,3.4,7.1,1.8,-2,0,0.326,0.672,0.468,0.603,0.784,0.71,0.409,0.626,0.136,0.488,0.331,0.181,0.181,0.348,0.472,26,#N/A
Josh Bell,12,25,583,31,0.132,0.178,0.74,0.357,0.305,1.49,0.19,0.485,0.325,0.092,12.6,4,-2,-2.8,-0.1,1.1,0.267,0.678,0.429,0.655,0.845,0.773,0.395,0.554,0.097,0.338,0.376,0.286,0.192,0.47,0.338,26,#N/A
Matt Davidson,20,27,496,23,0.105,0.333,0.32,0.319,0.313,1.03,0.188,0.412,0.401,0.183,6.1,-2.1,-3.7,0.1,4.6,-0.6,0.3,0.676,0.453,0.519,0.806,0.693,0.407,0.625,0.139,0.386,0.349,0.265,0.18,0.427,0.393,26,#N/A
Chris Davis,16,32,522,12,0.079,0.368,0.21,0.243,0.237,1.01,0.211,0.396,0.393,0.145,-13.4,-8.1,0,-6.5,0.9,-0.8,0.299,0.65,0.451,0.523,0.783,0.685,0.432,0.586,0.142,0.408,0.323,0.27,0.131,0.507,0.362,26,38
Curtis Granderson,13,37,403,22,0.134,0.263,0.51,0.351,0.311,0.86,0.308,0.321,0.371,0.148,8.9,0,-0.6,-1.5,-1.1,2.6,0.245,0.589,0.389,0.586,0.836,0.745,0.42,0.548,0.099,0.527,0.289,0.184,0.155,0.473,0.372,26,30
Adam Jones,15,32,613,35,0.039,0.152,0.26,0.313,0.311,1.17,0.205,0.429,0.366,0.084,-0.6,-2.6,0.5,-4.9,1.7,2.4,0.419,0.735,0.548,0.641,0.891,0.778,0.408,0.659,0.122,0.399,0.336,0.265,0.194,0.493,0.314,26,29
Eugenio Suarez,34,26,606,22,0.106,0.234,0.45,0.366,0.322,1.03,0.246,0.384,0.371,0.234,8.7,-1.3,7.2,4.5,5.5,-0.3,0.259,0.7,0.446,0.566,0.874,0.771,0.425,0.596,0.102,0.427,0.358,0.215,0.084,0.43,0.486,26,21
Nicholas Castellanos,23,26,678,46,0.072,0.223,0.32,0.354,0.361,0.99,0.288,0.354,0.358,0.136,11.9,2.4,-0.4,6.6,9.8,-0.2,0.386,0.788,0.551,0.525,0.844,0.712,0.41,0.653,0.159,0.449,0.303,0.248,0.121,0.4,0.479,26,18
Paul DeJong,19,24,490,25,0.073,0.251,0.29,0.313,0.288,0.72,0.242,0.318,0.44,0.136,-2.3,4.7,-2.7,4.9,0.2,-1,0.298,0.666,0.458,0.553,0.879,0.759,0.435,0.584,0.11,0.456,0.283,0.261,0.186,0.428,0.387,25,#N/A
Mike Zunino,20,27,405,18,0.059,0.37,0.16,0.259,0.268,0.85,0.187,0.373,0.44,0.202,-9.9,1.3,-3.4,2.4,-0.9,0.2,0.334,0.706,0.492,0.471,0.755,0.645,0.426,0.62,0.175,0.587,0.218,0.196,0.178,0.427,0.396,25,#N/A
Eric Hosmer,18,28,677,31,0.092,0.21,0.44,0.322,0.302,3.06,0.199,0.604,0.197,0.194,9.1,-9.4,-0.5,-4.5,-1,1,0.331,0.707,0.485,0.585,0.857,0.747,0.409,0.564,0.123,0.318,0.392,0.29,0.235,0.42,0.345,25,25
Anthony Rendon,24,28,597,44,0.092,0.137,0.67,0.374,0.323,0.75,0.238,0.326,0.436,0.121,16.3,0.4,3.8,6.3,7.1,-0.5,0.289,0.701,0.477,0.785,0.922,0.877,0.456,0.621,0.059,0.402,0.328,0.27,0.145,0.477,0.378,25,20
Didi Gregorius,27,28,569,23,0.084,0.121,0.7,0.335,0.259,0.93,0.195,0.389,0.416,0.148,9.9,2.1,0.5,3.4,5.2,-0.2,0.362,0.747,0.515,0.71,0.903,0.821,0.397,0.594,0.092,0.405,0.369,0.227,0.225,0.416,0.36,25,20
Justin Bour,20,30,501,13,0.146,0.248,0.59,0.341,0.27,1.23,0.19,0.447,0.363,0.183,4.6,-0.8,-1.5,5.1,-3.1,-2.4,0.298,0.583,0.414,0.658,0.813,0.746,0.406,0.553,0.105,0.417,0.364,0.219,0.229,0.397,0.374,25,15
Matt Joyce,7,33,246,9,0.142,0.215,0.66,0.322,0.242,0.9,0.256,0.353,0.391,0.115,3.2,-2.7,-0.2,-1.4,0.3,-1.3,0.234,0.768,0.461,0.622,0.812,0.757,0.423,0.549,0.112,0.42,0.363,0.217,0.147,0.497,0.357,25,13
Ryon Healy,24,26,524,15,0.052,0.216,0.24,0.277,0.257,1.21,0.192,0.442,0.366,0.173,-7.3,-1.6,-4.6,-5,-0.2,3.7,0.361,0.639,0.475,0.576,0.908,0.759,0.41,0.603,0.114,0.448,0.348,0.204,0.175,0.482,0.343,25,13
Matt Olson,29,24,660,33,0.106,0.247,0.43,0.335,0.292,0.83,0.211,0.359,0.431,0.161,-0.5,8.4,0.1,1.8,2.3,0.7,0.251,0.696,0.441,0.672,0.777,0.743,0.427,0.541,0.114,0.42,0.339,0.241,0.138,0.389,0.473,24,#N/A
Ian Happ,15,23,462,19,0.152,0.361,0.42,0.353,0.362,1.05,0.225,0.396,0.378,0.179,10.1,-6.4,1.3,0.6,-0.3,0.9,0.247,0.683,0.428,0.504,0.702,0.635,0.416,0.578,0.156,0.36,0.365,0.275,0.176,0.441,0.383,24,#N/A
Trey Mancini,24,26,636,23,0.069,0.241,0.29,0.299,0.285,2.06,0.189,0.546,0.265,0.209,8.7,-6,-5.8,2.1,-3.9,1,0.344,0.704,0.496,0.635,0.818,0.744,0.421,0.62,0.127,0.38,0.357,0.263,0.203,0.461,0.336,24,#N/A
Mookie Betts,32,25,614,47,0.132,0.148,0.89,0.438,0.368,0.75,0.212,0.339,0.449,0.164,40.1,11.2,4.2,1.1,11.1,2.3,0.198,0.57,0.356,0.707,0.93,0.859,0.426,0.562,0.05,0.472,0.348,0.18,0.122,0.433,0.445,24,31
Trevor Story,37,25,656,42,0.072,0.256,0.28,0.348,0.345,0.8,0.227,0.343,0.431,0.199,11,2.9,6.1,4.3,9.1,1.9,0.322,0.746,0.503,0.603,0.872,0.774,0.427,0.604,0.114,0.433,0.343,0.224,0.159,0.396,0.445,24,27
Maikel Franco,22,25,465,17,0.062,0.133,0.47,0.314,0.27,1.46,0.171,0.492,0.337,0.175,0.9,-4.2,1.6,3.6,0.6,-0.3,0.354,0.739,0.518,0.689,0.871,0.799,0.426,0.647,0.104,0.444,0.34,0.217,0.283,0.441,0.275,24,25
Jose Altuve,13,28,599,29,0.092,0.132,0.7,0.386,0.352,1.53,0.24,0.46,0.3,0.096,3.5,4.1,4.4,6.3,0.7,-1,0.333,0.687,0.473,0.735,0.91,0.836,0.396,0.678,0.078,0.414,0.386,0.2,0.166,0.501,0.333,24,24
Carlos Correa,15,23,468,20,0.113,0.237,0.48,0.323,0.282,1.23,0.202,0.44,0.358,0.139,2.3,-7.6,0.7,-2.3,3.9,-1.1,0.287,0.628,0.422,0.647,0.867,0.777,0.396,0.556,0.094,0.348,0.334,0.318,0.179,0.533,0.288,24,20
Zack Cozart,5,32,253,13,0.075,0.166,0.45,0.296,0.244,0.93,0.212,0.38,0.408,0.067,-1.1,-0.6,-0.3,0.2,-2.8,-0.5,0.282,0.613,0.434,0.669,0.917,0.829,0.458,0.636,0.074,0.514,0.276,0.211,0.178,0.454,0.368,24,16
Tommy Pham,21,30,570,18,0.118,0.246,0.48,0.367,0.342,1.71,0.239,0.48,0.281,0.21,5.9,1.8,1.6,1.8,3.9,0.6,0.23,0.612,0.397,0.548,0.874,0.768,0.438,0.611,0.092,0.378,0.398,0.224,0.126,0.389,0.485,23,#N/A
Mark Trumbo,17,32,358,12,0.067,0.243,0.28,0.313,0.303,1.22,0.229,0.424,0.347,0.2,12.3,-4.5,-1.5,-1.4,-2.1,-1.3,0.372,0.691,0.496,0.588,0.84,0.724,0.39,0.575,0.137,0.331,0.404,0.265,0.18,0.42,0.4,23,47
Robinson Cano,10,35,348,22,0.092,0.135,0.68,0.374,0.329,1.63,0.226,0.479,0.294,0.128,9.3,0.6,0.4,4.8,-1.4,-0.5,0.334,0.683,0.477,0.69,0.923,0.826,0.409,0.612,0.083,0.347,0.37,0.283,0.113,0.472,0.415,23,39
Carlos Santana,24,32,679,28,0.162,0.137,1.18,0.352,0.231,0.92,0.16,0.403,0.437,0.116,7.9,-1.3,2.1,3.7,-0.9,-0.5,0.242,0.655,0.413,0.742,0.87,0.826,0.415,0.58,0.072,0.48,0.299,0.221,0.227,0.444,0.328,23,34
Albert Pujols,19,38,498,20,0.056,0.131,0.43,0.289,0.247,1.07,0.223,0.402,0.375,0.126,2.7,-7.2,-1.3,1.7,0.8,-0.7,0.36,0.649,0.484,0.717,0.921,0.834,0.429,0.586,0.08,0.469,0.352,0.179,0.189,0.387,0.424,23,31
Daniel Murphy,12,33,351,15,0.057,0.114,0.5,0.336,0.308,0.89,0.258,0.351,0.392,0.105,3.1,-1.2,2,-0.4,3.4,0.4,0.34,0.707,0.508,0.775,0.937,0.878,0.457,0.618,0.062,0.344,0.296,0.361,0.127,0.612,0.261,23,25
Jose Bautista,13,37,399,18,0.168,0.278,0.6,0.348,0.262,0.74,0.2,0.34,0.46,0.131,11.8,-1.6,-3.6,1.4,0,0.6,0.239,0.635,0.395,0.484,0.857,0.72,0.394,0.589,0.111,0.502,0.312,0.186,0.181,0.423,0.395,23,22
Matt Carpenter,36,32,677,42,0.151,0.233,0.65,0.374,0.291,0.56,0.267,0.264,0.469,0.191,25,-3.6,8.5,5.3,2,-1.4,0.21,0.577,0.371,0.565,0.871,0.773,0.437,0.529,0.084,0.483,0.293,0.224,0.093,0.417,0.49,23,21
Javier Baez,34,25,645,40,0.045,0.259,0.17,0.326,0.347,1.41,0.221,0.456,0.323,0.243,17.5,2.9,-0.4,11.9,1.5,-0.9,0.455,0.78,0.577,0.549,0.816,0.685,0.377,0.665,0.182,0.405,0.333,0.261,0.194,0.448,0.358,23,14
Marwin Gonzalez,16,29,552,25,0.096,0.228,0.42,0.324,0.301,1.16,0.226,0.416,0.358,0.125,7.4,-2,-0.5,-2.6,1.2,-2.2,0.319,0.599,0.436,0.651,0.863,0.772,0.417,0.585,0.099,0.441,0.354,0.205,0.173,0.443,0.384,23,13
Ian Kinsler,14,36,534,26,0.075,0.12,0.63,0.301,0.25,0.87,0.214,0.366,0.42,0.078,-10.6,-4.7,0,7.6,-2.7,0.5,0.271,0.683,0.454,0.787,0.938,0.888,0.443,0.575,0.051,0.437,0.338,0.225,0.197,0.509,0.293,22,28
Yasmani Grandal,24,29,518,23,0.139,0.239,0.58,0.349,0.278,0.98,0.172,0.411,0.417,0.18,20,-4.9,0,-0.3,-0.3,-0.3,0.227,0.579,0.384,0.59,0.818,0.744,0.448,0.541,0.099,0.483,0.329,0.188,0.198,0.395,0.408,22,27
Randal Grichuk,25,26,462,32,0.058,0.264,0.22,0.301,0.282,0.75,0.184,0.351,0.466,0.176,9.1,-0.4,2,-2,1.2,-0.4,0.358,0.714,0.506,0.524,0.83,0.704,0.416,0.61,0.15,0.498,0.269,0.233,0.216,0.42,0.364,22,24
Mitch Moreland,15,32,459,23,0.109,0.222,0.49,0.325,0.288,1.16,0.196,0.431,0.373,0.132,6.2,-1,-0.5,-1.5,-1.5,-0.8,0.273,0.725,0.465,0.551,0.84,0.742,0.424,0.516,0.12,0.41,0.355,0.235,0.147,0.505,0.349,22,22
Luis Valbuena,9,32,288,9,0.066,0.347,0.19,0.253,0.277,0.82,0.199,0.361,0.44,0.123,-3.5,-7,-1,-2.4,1.2,-0.7,0.327,0.685,0.48,0.567,0.766,0.689,0.429,0.59,0.15,0.452,0.274,0.274,0.161,0.464,0.375,22,13
Shin-Soo Choo,21,35,665,30,0.138,0.235,0.59,0.377,0.33,1.8,0.218,0.502,0.28,0.186,24,-1.6,0,0.9,2.3,0,0.239,0.624,0.406,0.598,0.821,0.746,0.432,0.582,0.103,0.381,0.351,0.268,0.145,0.435,0.42,22,7
Tim Beckham,12,28,402,17,0.067,0.249,0.27,0.287,0.282,1.4,0.204,0.465,0.331,0.135,-3.8,-2.2,-2,-1,-2.4,1.1,0.32,0.688,0.481,0.595,0.83,0.742,0.437,0.622,0.124,0.427,0.342,0.232,0.221,0.474,0.305,22,5
Chris Taylor,17,27,604,35,0.091,0.295,0.31,0.331,0.345,0.86,0.275,0.336,0.389,0.121,6.4,-0.9,0.6,1.5,4.1,-0.3,0.258,0.723,0.474,0.534,0.785,0.712,0.463,0.626,0.137,0.379,0.343,0.279,0.133,0.483,0.384,21,#N/A
Justin Turner,14,33,426,31,0.11,0.127,0.87,0.406,0.334,0.66,0.262,0.294,0.444,0.101,11.8,5.3,0.8,5.4,5.9,-0.8,0.258,0.659,0.433,0.817,0.92,0.886,0.438,0.575,0.05,0.39,0.316,0.294,0.109,0.441,0.451,21,27
Willson Contreras,10,26,544,27,0.097,0.222,0.44,0.339,0.313,1.69,0.172,0.52,0.307,0.093,2.2,-2,-0.6,2.1,0,-1.1,0.345,0.702,0.495,0.622,0.816,0.738,0.421,0.59,0.13,0.42,0.314,0.266,0.224,0.487,0.289,21,12
Brett Gardner,12,34,609,20,0.107,0.176,0.61,0.322,0.272,1.46,0.179,0.487,0.334,0.085,6.7,-2.5,-3.1,-0.6,0.2,0.1,0.217,0.534,0.36,0.753,0.937,0.876,0.451,0.55,0.045,0.361,0.373,0.266,0.194,0.53,0.276,21,7
Eduardo Escobar,23,29,631,48,0.082,0.2,0.41,0.334,0.308,0.75,0.248,0.321,0.431,0.119,11.8,1.8,-2.7,7.1,-6.3,3.4,0.393,0.728,0.529,0.69,0.856,0.783,0.407,0.617,0.115,0.4,0.339,0.261,0.152,0.467,0.382,21,6
Andrew Benintendi,16,23,661,41,0.107,0.16,0.67,0.366,0.328,1.15,0.238,0.408,0.354,0.094,12.4,-2.2,1.9,1.1,13.2,-0.3,0.284,0.708,0.459,0.765,0.875,0.835,0.413,0.566,0.076,0.384,0.334,0.282,0.137,0.583,0.28,20,#N/A
Evan Longoria,16,32,512,25,0.043,0.197,0.22,0.281,0.274,1.09,0.185,0.424,0.391,0.107,-4.8,1.1,0.6,-0.7,-3.1,-1.3,0.331,0.683,0.486,0.707,0.869,0.807,0.439,0.625,0.094,0.419,0.323,0.258,0.156,0.432,0.412,20,36
Jedd Gyorko,11,29,402,19,0.109,0.192,0.57,0.346,0.303,1.01,0.205,0.399,0.396,0.1,3.4,-0.6,-0.9,-0.5,-1.3,0.8,0.299,0.686,0.462,0.606,0.841,0.753,0.423,0.61,0.114,0.439,0.331,0.23,0.162,0.468,0.371,20,30
Nomar Mazara,20,23,536,25,0.075,0.216,0.34,0.317,0.298,2.07,0.184,0.551,0.266,0.2,-3.3,2.1,0.6,1,3.2,-0.4,0.335,0.641,0.461,0.643,0.852,0.763,0.414,0.567,0.109,0.38,0.367,0.253,0.184,0.442,0.375,20,20
Matt Adams,21,29,337,10,0.08,0.217,0.37,0.309,0.245,0.78,0.206,0.348,0.446,0.202,3.4,0.3,1.9,2.8,-2.1,-1.7,0.351,0.723,0.502,0.622,0.862,0.763,0.407,0.614,0.119,0.481,0.3,0.219,0.185,0.425,0.391,20,16
Elvis Andrus,6,29,428,20,0.065,0.154,0.42,0.308,0.292,1.6,0.19,0.498,0.311,0.058,5.5,-8.2,-1.5,1.9,1.9,-1.7,0.354,0.663,0.487,0.674,0.914,0.814,0.431,0.596,0.09,0.42,0.314,0.266,0.181,0.48,0.338,20,8
Matt Kemp,21,33,506,25,0.071,0.227,0.31,0.338,0.339,0.92,0.268,0.35,0.381,0.156,22.7,-7.8,-3.8,3.3,-4.1,-1.6,0.343,0.737,0.507,0.607,0.803,0.726,0.417,0.644,0.139,0.421,0.359,0.22,0.138,0.427,0.435,19,35
Kole Calhoun,19,30,552,18,0.096,0.241,0.4,0.283,0.241,1.23,0.214,0.434,0.352,0.148,-7,-3.1,1.4,1.3,-7,0.7,0.282,0.761,0.491,0.569,0.818,0.737,0.437,0.58,0.129,0.426,0.352,0.223,0.126,0.429,0.445,19,18
Max Kepler,20,25,611,30,0.116,0.157,0.74,0.319,0.236,0.82,0.159,0.378,0.462,0.099,-0.3,2.5,1.1,1.3,-1.4,1.1,0.249,0.653,0.426,0.662,0.917,0.833,0.439,0.581,0.071,0.431,0.324,0.246,0.194,0.435,0.371,19,17
Alex Bregman,31,24,705,51,0.136,0.121,1.13,0.394,0.289,0.8,0.219,0.346,0.434,0.14,22.9,7,0.1,10.2,2.8,-0.4,0.2,0.605,0.371,0.791,0.928,0.885,0.423,0.54,0.043,0.484,0.324,0.191,0.172,0.475,0.354,19,8
Kurt Suzuki,12,34,388,24,0.057,0.111,0.51,0.332,0.275,0.86,0.232,0.355,0.413,0.094,6.9,-0.8,-1.4,0.5,0.7,0,0.37,0.743,0.533,0.709,0.923,0.839,0.436,0.621,0.086,0.526,0.29,0.184,0.152,0.461,0.387,19,8
Michael A. Taylor,6,27,385,22,0.075,0.301,0.25,0.287,0.32,1.67,0.183,0.511,0.306,0.086,-14.1,-0.8,0.7,1.7,-1.7,0.2,0.316,0.736,0.505,0.583,0.768,0.704,0.449,0.662,0.149,0.393,0.364,0.243,0.201,0.477,0.322,19,7
Aaron Altherr,8,27,285,11,0.126,0.319,0.4,0.295,0.247,1.38,0.182,0.474,0.344,0.151,-6.4,-0.4,-0.9,-1.4,-3.7,-0.4,0.269,0.685,0.449,0.418,0.833,0.691,0.431,0.593,0.139,0.383,0.396,0.221,0.214,0.416,0.37,19,4
Whit Merrifield,12,29,707,43,0.086,0.161,0.54,0.367,0.352,0.99,0.298,0.349,0.353,0.065,14.4,-3.1,-1.8,2.5,2.7,1.8,0.329,0.677,0.477,0.731,0.884,0.823,0.425,0.59,0.084,0.337,0.354,0.31,0.154,0.477,0.369,19,2
Rhys Hoskins,34,25,660,38,0.132,0.227,0.58,0.354,0.272,0.56,0.192,0.291,0.517,0.16,24.4,-11.1,4,3.7,5.5,0.6,0.228,0.606,0.391,0.642,0.874,0.798,0.432,0.524,0.079,0.5,0.311,0.189,0.199,0.456,0.345,18,#N/A
Yuli Gurriel,13,34,573,33,0.04,0.11,0.37,0.323,0.306,1.25,0.202,0.443,0.356,0.076,-5.1,4.7,-0.4,0.6,5.1,-0.5,0.371,0.692,0.502,0.773,0.928,0.86,0.408,0.634,0.07,0.412,0.364,0.225,0.183,0.511,0.306,18,#N/A
Austin Hedges,14,25,326,14,0.064,0.276,0.23,0.282,0.28,0.87,0.183,0.38,0.437,0.151,-2.1,1.1,1.2,-2.6,-3.8,0.2,0.363,0.663,0.49,0.596,0.841,0.736,0.423,0.564,0.129,0.481,0.332,0.187,0.252,0.379,0.369,18,#N/A
Christian Yelich,36,26,651,34,0.104,0.207,0.5,0.402,0.373,2.2,0.247,0.518,0.235,0.35,21.8,9.4,3.4,10.4,9.4,0.9,0.277,0.646,0.44,0.622,0.881,0.79,0.442,0.605,0.092,0.349,0.381,0.27,0.145,0.379,0.476,18,21
Brian McCann,7,34,216,3,0.088,0.185,0.48,0.301,0.229,0.56,0.22,0.28,0.5,0.093,-7.8,-3.6,2.2,-1.5,2.1,0.9,0.274,0.575,0.409,0.685,0.874,0.804,0.447,0.519,0.08,0.431,0.305,0.265,0.212,0.53,0.258,18,20
Brandon Belt,14,30,456,18,0.107,0.235,0.46,0.342,0.311,0.51,0.288,0.24,0.472,0.103,7.6,-1.2,-1.1,-1.3,2.3,0.2,0.277,0.762,0.486,0.586,0.848,0.763,0.431,0.597,0.115,0.398,0.303,0.299,0.174,0.412,0.415,18,17
Wilmer Flores,11,26,429,25,0.068,0.098,0.69,0.319,0.269,0.8,0.193,0.36,0.448,0.07,-4.3,2.4,0.3,1.7,-0.9,1.1,0.318,0.682,0.476,0.834,0.907,0.879,0.433,0.618,0.057,0.396,0.328,0.276,0.241,0.431,0.329,18,16
Yangervis Solarte,17,30,506,20,0.061,0.142,0.43,0.277,0.233,1.16,0.208,0.426,0.366,0.116,-1.4,-1.3,-3.3,-5.3,-5.6,-0.3,0.414,0.756,0.542,0.751,0.923,0.841,0.375,0.607,0.086,0.415,0.345,0.24,0.21,0.508,0.283,18,15
Dexter Fowler,8,32,334,10,0.114,0.225,0.51,0.278,0.21,1.07,0.183,0.422,0.394,0.093,-2.4,-3.1,-3.9,-0.9,-1,-0.5,0.253,0.66,0.42,0.608,0.834,0.754,0.412,0.584,0.103,0.431,0.312,0.257,0.197,0.463,0.339,18,13
Avisail Garcia,19,27,385,11,0.052,0.265,0.2,0.281,0.271,1.4,0.174,0.483,0.344,0.213,-4.9,2.1,0.3,0.2,-1,1,0.439,0.799,0.586,0.505,0.813,0.676,0.407,0.652,0.19,0.479,0.328,0.193,0.174,0.444,0.382,18,12
Yadier Molina,20,35,503,20,0.058,0.131,0.44,0.314,0.264,1.05,0.241,0.389,0.369,0.136,7.8,-2.5,-1.4,0.7,-3.5,0.5,0.385,0.708,0.526,0.768,0.892,0.841,0.437,0.64,0.084,0.496,0.293,0.211,0.133,0.424,0.444,18,8
Robinson Chirinos,18,34,426,15,0.106,0.329,0.32,0.338,0.304,0.61,0.213,0.299,0.489,0.167,0.7,-1,3.9,0.1,1.5,0.7,0.294,0.654,0.441,0.543,0.779,0.686,0.408,0.62,0.139,0.496,0.315,0.189,0.149,0.41,0.441,17,#N/A
Jorge Bonifacio,4,25,270,16,0.107,0.263,0.41,0.312,0.301,0.79,0.235,0.337,0.428,0.056,-1.9,-2.3,1.4,0.9,-2.8,0.1,0.273,0.728,0.466,0.506,0.837,0.725,0.422,0.656,0.128,0.482,0.333,0.185,0.155,0.488,0.357,17,#N/A
Adrian Beltre,15,39,481,23,0.071,0.2,0.35,0.328,0.312,1.05,0.258,0.38,0.362,0.12,2.8,-1.2,-2.8,1.5,3,0.3,0.337,0.62,0.455,0.691,0.866,0.79,0.416,0.543,0.096,0.388,0.328,0.284,0.142,0.435,0.423,17,32
Ryan Braun,20,34,447,25,0.076,0.19,0.4,0.313,0.274,1.7,0.231,0.484,0.284,0.22,0.5,2.9,-0.8,3.3,1.5,-0.8,0.363,0.709,0.512,0.685,0.871,0.796,0.43,0.626,0.104,0.396,0.344,0.26,0.164,0.406,0.43,17,30
Jackie Bradley Jr.,13,28,535,33,0.086,0.256,0.34,0.314,0.299,1.19,0.206,0.431,0.363,0.106,12.6,-4.7,-1.2,-1.7,-5.6,2.1,0.278,0.714,0.47,0.574,0.791,0.719,0.439,0.615,0.132,0.452,0.343,0.205,0.1,0.49,0.411,17,26
Melky Cabrera,6,33,278,17,0.072,0.137,0.53,0.335,0.303,1.75,0.287,0.454,0.259,0.107,2.6,-0.9,2.4,-0.3,-2.5,-0.3,0.342,0.652,0.468,0.743,0.925,0.846,0.405,0.619,0.072,0.373,0.392,0.235,0.111,0.498,0.392,17,14
Carlos Gomez,9,32,408,15,0.061,0.252,0.24,0.298,0.266,0.72,0.21,0.331,0.46,0.079,-3.4,-5.7,1.6,0.5,-5,-0.2,0.414,0.829,0.574,0.628,0.819,0.735,0.387,0.659,0.152,0.405,0.328,0.266,0.216,0.479,0.305,17,13
J.T. Realmuto,21,27,531,30,0.072,0.196,0.37,0.34,0.312,1.06,0.228,0.398,0.374,0.149,5.3,2,1.2,4,1.9,0,0.299,0.678,0.47,0.639,0.869,0.789,0.452,0.606,0.099,0.451,0.353,0.196,0.18,0.435,0.385,17,11
Tim Anderson,20,25,606,28,0.05,0.246,0.2,0.281,0.289,1.39,0.2,0.466,0.335,0.142,-1.7,-6.1,1.4,-2.9,-2.3,0.1,0.403,0.726,0.54,0.583,0.853,0.737,0.426,0.637,0.142,0.444,0.284,0.272,0.184,0.513,0.303,17,9
Chris Iannetta,11,35,360,13,0.139,0.242,0.57,0.345,0.275,0.98,0.228,0.381,0.391,0.131,0,-0.3,-0.3,-0.6,-1.3,-1.1,0.217,0.711,0.435,0.494,0.809,0.722,0.442,0.578,0.121,0.421,0.31,0.269,0.139,0.472,0.389,17,7
Jesus Aguilar,35,28,566,25,0.102,0.253,0.41,0.352,0.309,0.86,0.237,0.354,0.409,0.238,24.5,-0.7,-3.9,0,-1.6,1,0.356,0.601,0.455,0.614,0.824,0.726,0.404,0.581,0.125,0.435,0.334,0.231,0.153,0.407,0.44,16,#N/A
Mitch Haniger,26,27,683,38,0.102,0.217,0.47,0.366,0.336,1.17,0.213,0.424,0.363,0.158,22.2,3,5.3,2.5,0,-0.6,0.259,0.625,0.418,0.611,0.871,0.78,0.434,0.583,0.092,0.448,0.367,0.185,0.16,0.468,0.371,16,#N/A
Starlin Castro,12,28,647,32,0.074,0.192,0.39,0.329,0.33,1.77,0.202,0.509,0.288,0.088,6.6,-6.3,-1.3,4.9,-0.6,-0.3,0.303,0.666,0.46,0.63,0.888,0.791,0.432,0.604,0.096,0.402,0.387,0.211,0.158,0.47,0.373,16,21
C.J. Cron,30,28,560,28,0.066,0.259,0.26,0.323,0.293,1.04,0.211,0.402,0.388,0.214,14.1,-1.6,-0.4,2.2,-1.4,0.7,0.385,0.704,0.508,0.614,0.822,0.726,0.386,0.588,0.14,0.454,0.335,0.211,0.213,0.391,0.396,16,16
Kevin Pillar,15,29,542,40,0.033,0.181,0.18,0.282,0.281,0.94,0.266,0.356,0.378,0.095,-6.7,3.1,-2.7,4.9,1.1,-0.7,0.435,0.679,0.538,0.666,0.9,0.791,0.421,0.605,0.113,0.407,0.35,0.243,0.214,0.445,0.341,16,7
Jake Marisnick,10,27,235,8,0.064,0.357,0.18,0.275,0.292,0.7,0.23,0.317,0.452,0.175,1.6,-3.9,-3,-0.7,-0.8,1.4,0.368,0.729,0.514,0.526,0.782,0.672,0.402,0.604,0.169,0.351,0.359,0.29,0.206,0.504,0.29,16,5
Josh Harrison,8,30,374,13,0.048,0.182,0.26,0.293,0.286,1.01,0.25,0.377,0.373,0.078,-8.5,-4.3,-0.7,2.4,-0.8,2.3,0.396,0.748,0.552,0.726,0.805,0.773,0.444,0.631,0.125,0.459,0.3,0.24,0.184,0.488,0.329,16,4
Chad Pinder,13,26,333,12,0.081,0.264,0.31,0.332,0.325,1.18,0.192,0.438,0.37,0.169,0.7,-1,0.3,4.5,1.1,-0.5,0.359,0.776,0.542,0.607,0.837,0.752,0.44,0.646,0.135,0.377,0.368,0.255,0.132,0.406,0.462,15,#N/A
Danny Valencia,9,33,282,8,0.078,0.188,0.42,0.316,0.293,1.37,0.232,0.444,0.324,0.134,0.2,-2.8,1.3,0.1,0.7,0.5,0.291,0.625,0.429,0.544,0.916,0.768,0.413,0.578,0.099,0.459,0.343,0.198,0.169,0.502,0.329,15,17
Kevin Kiermaier,7,28,367,12,0.068,0.248,0.27,0.282,0.275,1.62,0.194,0.498,0.308,0.096,-3.8,0.3,2.4,-0.2,-2.6,-1.5,0.338,0.73,0.5,0.565,0.809,0.712,0.413,0.583,0.144,0.351,0.376,0.274,0.253,0.433,0.314,15,12
Lorenzo Cain,10,32,620,25,0.115,0.152,0.76,0.395,0.357,2.37,0.224,0.546,0.23,0.097,17.5,0.3,0.5,5,2.2,0.5,0.249,0.647,0.423,0.691,0.909,0.837,0.438,0.602,0.069,0.298,0.374,0.329,0.181,0.436,0.383,15,9
Aaron Hicks,27,28,581,18,0.155,0.191,0.81,0.366,0.264,1.04,0.216,0.4,0.384,0.19,16.4,3.6,-0.3,4.8,4.8,0.9,0.209,0.655,0.396,0.671,0.828,0.78,0.42,0.53,0.087,0.454,0.369,0.178,0.186,0.419,0.395,15,8
Jose Reyes,4,35,251,12,0.088,0.155,0.56,0.26,0.211,1.19,0.188,0.441,0.371,0.058,-13.6,1.2,-1.6,1.8,-1.5,1.1,0.269,0.675,0.451,0.72,0.898,0.839,0.449,0.602,0.072,0.426,0.332,0.242,0.274,0.463,0.263,15,8
Orlando Arcia,3,23,366,16,0.041,0.238,0.17,0.268,0.305,2.18,0.189,0.556,0.255,0.045,-10.1,-5.2,-0.7,-0.9,-0.2,-0.7,0.383,0.705,0.526,0.563,0.837,0.726,0.444,0.615,0.144,0.327,0.449,0.224,0.262,0.483,0.255,15,4
Matt Chapman,24,25,616,42,0.094,0.237,0.4,0.356,0.338,1.03,0.204,0.403,0.393,0.152,16.8,1.5,6.3,-1.1,1.6,-1.9,0.245,0.64,0.414,0.638,0.864,0.787,0.428,0.58,0.088,0.405,0.35,0.246,0.161,0.407,0.432,14,#N/A
David Peralta,30,30,614,25,0.078,0.202,0.39,0.352,0.328,1.73,0.201,0.507,0.292,0.234,6.7,9.2,0.4,7.1,0.3,0.7,0.318,0.695,0.48,0.675,0.847,0.782,0.43,0.617,0.105,0.39,0.347,0.263,0.164,0.349,0.486,14,#N/A
Jose Martinez,17,29,590,30,0.083,0.176,0.47,0.364,0.351,1.67,0.261,0.462,0.277,0.142,7.7,3.9,-2.2,7.1,2.9,-1.3,0.295,0.638,0.436,0.686,0.882,0.803,0.41,0.588,0.086,0.324,0.329,0.347,0.14,0.455,0.405,14,#N/A
A.J. Pollock,21,30,460,21,0.067,0.217,0.31,0.316,0.284,1.1,0.194,0.422,0.384,0.171,8.1,3.3,-2.4,0.8,-1.1,0.3,0.336,0.673,0.481,0.584,0.906,0.778,0.43,0.607,0.107,0.486,0.327,0.187,0.112,0.442,0.446,14,#N/A
Carlos Gonzalez,16,32,504,32,0.073,0.224,0.33,0.329,0.332,1.33,0.162,0.479,0.359,0.127,13.3,-6.8,2.2,-2,3.7,1.6,0.353,0.74,0.502,0.602,0.818,0.724,0.385,0.605,0.139,0.34,0.394,0.266,0.213,0.436,0.351,14,25
Asdrubal Cabrera,23,32,592,36,0.069,0.201,0.34,0.316,0.296,1.08,0.191,0.421,0.388,0.139,-2.6,-2.5,3.6,6.9,2.6,-1.6,0.323,0.718,0.49,0.698,0.86,0.798,0.422,0.606,0.099,0.478,0.324,0.198,0.154,0.462,0.385,14,23
Neil Walker,11,32,398,12,0.106,0.219,0.48,0.309,0.257,0.96,0.241,0.372,0.387,0.109,-5.5,-2.1,-0.4,1.5,1.2,1.3,0.295,0.676,0.456,0.656,0.865,0.787,0.422,0.591,0.097,0.451,0.318,0.231,0.174,0.447,0.379,14,23
Odubel Herrera,22,26,597,19,0.064,0.204,0.31,0.31,0.29,1.2,0.183,0.446,0.371,0.139,-3.2,-2.8,-0.1,-1.5,5.8,0.5,0.396,0.689,0.517,0.599,0.858,0.741,0.413,0.643,0.134,0.388,0.337,0.274,0.272,0.479,0.249,14,15
Hernan Perez,9,27,334,11,0.051,0.213,0.24,0.29,0.3,1.13,0.21,0.42,0.37,0.1,-5.9,-1.6,1.3,-2.3,4,1,0.398,0.627,0.495,0.716,0.873,0.801,0.426,0.593,0.099,0.346,0.407,0.248,0.191,0.463,0.346,14,13
Brandon Crawford,14,31,594,28,0.084,0.205,0.41,0.325,0.303,1.42,0.255,0.437,0.308,0.11,4.3,-4.2,3.4,5.7,-13.6,-0.8,0.326,0.778,0.521,0.586,0.817,0.735,0.432,0.62,0.138,0.331,0.379,0.29,0.186,0.452,0.362,14,12
Jordy Mercer,6,31,436,29,0.073,0.2,0.37,0.315,0.306,1.12,0.274,0.384,0.342,0.057,-7.4,-5.1,0.1,0.9,1.3,-0.8,0.298,0.611,0.442,0.615,0.889,0.789,0.459,0.626,0.093,0.453,0.351,0.196,0.17,0.531,0.299,14,11
Yan Gomes,16,30,435,26,0.048,0.274,0.18,0.313,0.336,0.77,0.272,0.317,0.411,0.136,3.4,3.4,-0.3,2.5,-2.3,-1.1,0.386,0.743,0.536,0.595,0.836,0.735,0.42,0.593,0.142,0.429,0.324,0.247,0.139,0.429,0.432,14,9
Martin Maldonado,9,31,404,18,0.04,0.243,0.16,0.276,0.28,1.08,0.212,0.409,0.38,0.087,-3.7,-4.9,3.1,-4,-5.4,-0.2,0.387,0.66,0.51,0.605,0.843,0.743,0.449,0.698,0.131,0.448,0.29,0.262,0.165,0.52,0.315,14,8
Alex Avila,7,31,234,6,0.158,0.385,0.41,0.299,0.253,1.68,0.217,0.491,0.292,0.226,0,-5.5,0,0,-3.3,0.3,0.146,0.59,0.352,0.462,0.724,0.666,0.463,0.586,0.118,0.5,0.274,0.226,0.123,0.368,0.509,14,7
Andrelton Simmons,11,28,600,26,0.058,0.073,0.8,0.337,0.3,1.6,0.19,0.499,0.311,0.069,-0.2,0,0,-0.1,6.3,0.3,0.28,0.666,0.452,0.779,0.929,0.877,0.446,0.597,0.056,0.51,0.331,0.159,0.213,0.426,0.361,14,4
Jed Lowrie,23,34,680,37,0.115,0.188,0.61,0.353,0.304,0.76,0.234,0.332,0.434,0.113,10.8,-1.2,2.9,-2.9,11.1,-0.9,0.252,0.736,0.458,0.675,0.878,0.813,0.426,0.593,0.086,0.423,0.325,0.253,0.134,0.465,0.401,14,2
Cory Spangenberg,7,27,329,9,0.076,0.328,0.23,0.298,0.344,1.93,0.27,0.481,0.249,0.152,-3.6,4.1,-1.8,-2.7,-2.8,0.1,0.328,0.666,0.476,0.565,0.793,0.704,0.437,0.657,0.141,0.335,0.361,0.304,0.17,0.474,0.356,13,#N/A
Manuel Margot,8,23,519,26,0.062,0.17,0.36,0.292,0.281,1.16,0.199,0.43,0.371,0.055,-11.4,1.8,-1,0.9,-0.7,0.4,0.29,0.65,0.458,0.658,0.876,0.803,0.468,0.62,0.09,0.396,0.355,0.249,0.202,0.406,0.393,13,#N/A
Russell Martin,10,35,352,8,0.159,0.233,0.68,0.338,0.234,1.47,0.14,0.512,0.348,0.139,9.2,-8.4,0.2,-1.4,-0.8,-0.3,0.144,0.592,0.343,0.551,0.837,0.77,0.444,0.56,0.079,0.406,0.396,0.198,0.227,0.473,0.3,13,20
Steve Pearce,11,35,251,14,0.116,0.163,0.71,0.378,0.303,1.22,0.205,0.438,0.358,0.175,9.5,6,-2,1.6,2.1,0.1,0.243,0.695,0.43,0.571,0.877,0.776,0.414,0.546,0.097,0.54,0.29,0.171,0.165,0.466,0.369,13,13
Hunter Pence,4,35,248,11,0.044,0.238,0.19,0.258,0.282,1.71,0.208,0.5,0.292,0.077,-7.1,3,-1,-1.5,-0.5,0.4,0.38,0.738,0.531,0.559,0.806,0.703,0.42,0.69,0.158,0.332,0.365,0.303,0.247,0.449,0.303,13,13
James McCann,8,28,457,16,0.057,0.254,0.22,0.267,0.282,0.98,0.223,0.384,0.394,0.066,-12,-3.7,-4.5,-1.6,-0.8,0.2,0.351,0.648,0.475,0.596,0.879,0.758,0.418,0.556,0.115,0.332,0.374,0.294,0.173,0.463,0.364,13,12
Josh Reddick,17,31,487,13,0.101,0.158,0.64,0.318,0.258,0.85,0.186,0.373,0.441,0.109,1.4,0.8,-1.2,-1.9,0.8,-1,0.285,0.66,0.444,0.712,0.912,0.838,0.424,0.579,0.072,0.449,0.329,0.223,0.192,0.507,0.301,13,10
Derek Dietrich,16,28,551,26,0.053,0.254,0.21,0.33,0.336,1.13,0.233,0.407,0.36,0.123,4,-3.4,5,-0.8,0.1,1.7,0.344,0.718,0.504,0.642,0.859,0.774,0.428,0.603,0.114,0.413,0.338,0.249,0.194,0.44,0.366,13,7
Jorge Polanco,6,24,333,18,0.075,0.186,0.4,0.345,0.345,0.94,0.261,0.359,0.38,0.067,3,1.5,0.4,0.9,-4.3,1.9,0.252,0.628,0.416,0.714,0.925,0.853,0.437,0.565,0.061,0.383,0.305,0.313,0.222,0.457,0.321,13,4
Nick Williams,17,24,448,12,0.071,0.248,0.29,0.324,0.312,1.37,0.244,0.437,0.319,0.181,7.1,-3.2,1.1,0.5,-2.3,-0.5,0.337,0.688,0.492,0.542,0.877,0.75,0.444,0.641,0.123,0.348,0.402,0.25,0.169,0.53,0.301,12,#N/A
Yolmer Sanchez,8,26,662,34,0.074,0.208,0.36,0.306,0.3,1.67,0.22,0.488,0.292,0.06,4.5,-7,-1.7,1.8,-3.2,0.2,0.343,0.643,0.475,0.704,0.87,0.803,0.441,0.61,0.094,0.373,0.356,0.272,0.167,0.55,0.283,12,#N/A
Mikie Mahtook,9,28,250,4,0.084,0.264,0.32,0.276,0.238,1.17,0.182,0.44,0.377,0.15,-5.5,2,2.4,0.1,-4,-0.6,0.266,0.633,0.427,0.638,0.845,0.772,0.438,0.6,0.097,0.475,0.3,0.225,0.206,0.531,0.263,12,#N/A
Evan Gattis,25,31,451,17,0.073,0.224,0.33,0.284,0.232,0.78,0.169,0.363,0.468,0.17,5.5,-9.3,-2.3,-1.6,2.4,0.5,0.312,0.672,0.465,0.656,0.861,0.782,0.425,0.546,0.102,0.503,0.287,0.21,0.182,0.487,0.331,12,32
Jason Kipnis,18,31,601,28,0.1,0.186,0.54,0.315,0.258,0.75,0.216,0.337,0.447,0.097,6.1,-3,-3.1,1,-1.1,-0.6,0.283,0.621,0.427,0.661,0.901,0.81,0.427,0.528,0.081,0.393,0.365,0.242,0.192,0.46,0.348,12,23
Addison Russell,5,24,465,21,0.086,0.213,0.4,0.317,0.314,1.28,0.246,0.424,0.33,0.047,-3.1,0.5,-3.8,-2.8,-0.1,0.9,0.308,0.707,0.476,0.566,0.856,0.748,0.422,0.622,0.12,0.306,0.401,0.293,0.207,0.503,0.29,12,21
Freddy Galvis,13,28,656,31,0.069,0.224,0.31,0.299,0.304,1.13,0.22,0.414,0.365,0.079,-0.7,-3.5,-3.3,-2.5,2.9,0.6,0.368,0.687,0.501,0.656,0.836,0.759,0.416,0.624,0.121,0.381,0.379,0.24,0.13,0.468,0.403,12,20
Ben Zobrist,9,37,520,28,0.106,0.115,0.92,0.378,0.331,1.59,0.216,0.481,0.303,0.074,13.9,2.2,2.2,2.9,-1.4,0.6,0.26,0.596,0.408,0.768,0.921,0.866,0.441,0.581,0.055,0.472,0.315,0.213,0.119,0.526,0.355,12,18
Eduardo Nunez,10,31,502,23,0.032,0.137,0.23,0.289,0.29,1.51,0.186,0.49,0.324,0.075,-10.9,-5,0.9,-1.5,4.7,0.8,0.399,0.73,0.536,0.759,0.93,0.855,0.414,0.61,0.078,0.328,0.376,0.296,0.255,0.472,0.272,12,16
Buster Posey,5,31,448,22,0.1,0.118,0.85,0.359,0.316,1.52,0.222,0.47,0.308,0.047,6.3,-2.9,-0.6,-1.3,0.3,0.1,0.295,0.642,0.442,0.801,0.928,0.879,0.423,0.565,0.054,0.337,0.383,0.28,0.138,0.499,0.363,12,14
Denard Span,11,34,501,22,0.102,0.158,0.65,0.341,0.291,1.2,0.265,0.401,0.334,0.092,-1.4,0.9,2.9,1.8,2.5,-1.6,0.239,0.654,0.428,0.741,0.926,0.87,0.457,0.627,0.056,0.384,0.307,0.31,0.192,0.499,0.31,12,11
Tyler Flowers,8,32,296,9,0.118,0.257,0.46,0.341,0.292,1.11,0.21,0.415,0.375,0.121,3.8,-3,-0.9,-2,-0.5,0.1,0.242,0.705,0.437,0.524,0.828,0.731,0.422,0.571,0.118,0.455,0.341,0.205,0.125,0.386,0.489,12,8
Chris Owings,4,26,309,15,0.078,0.243,0.32,0.272,0.265,1.03,0.223,0.393,0.383,0.051,-11.1,-4.1,-0.1,0,0.9,0.1,0.35,0.693,0.5,0.623,0.859,0.766,0.439,0.596,0.117,0.37,0.332,0.298,0.178,0.433,0.389,12,5
Ben Gamel,1,26,293,14,0.106,0.208,0.51,0.358,0.352,1.69,0.249,0.472,0.279,0.018,1.1,-2.2,-0.1,1,2.1,-0.5,0.265,0.594,0.407,0.62,0.912,0.805,0.433,0.563,0.08,0.371,0.33,0.3,0.137,0.599,0.264,11,#N/A
Joc Pederson,25,26,443,27,0.09,0.192,0.47,0.321,0.253,0.9,0.17,0.394,0.436,0.184,16.9,-3,1.9,-2,-2.7,3.1,0.331,0.626,0.456,0.669,0.832,0.764,0.424,0.621,0.108,0.427,0.344,0.229,0.156,0.424,0.42,11,25
Wilson Ramos,15,30,416,22,0.077,0.192,0.4,0.358,0.353,2.23,0.204,0.549,0.247,0.2,4,-1.7,4.1,2.9,0.4,0,0.385,0.79,0.542,0.649,0.881,0.781,0.389,0.642,0.119,0.401,0.322,0.276,0.174,0.434,0.391,11,22
Gregory Polanco,23,26,535,32,0.114,0.219,0.52,0.34,0.287,0.69,0.187,0.333,0.48,0.138,6.7,8.7,-2.1,1.6,1.5,-0.6,0.285,0.696,0.45,0.655,0.861,0.783,0.402,0.574,0.098,0.457,0.346,0.197,0.2,0.46,0.34,11,22
Jean Segura,10,28,632,29,0.051,0.109,0.46,0.341,0.327,1.76,0.193,0.515,0.292,0.066,2,2.7,1.1,2,-1.3,1.3,0.346,0.66,0.482,0.783,0.951,0.883,0.432,0.608,0.057,0.357,0.408,0.235,0.209,0.533,0.258,11,20
Jonathan Villar,14,27,515,14,0.08,0.268,0.3,0.325,0.339,2.29,0.197,0.559,0.244,0.179,2.4,-1.4,-1.1,0.4,-0.6,0,0.308,0.713,0.482,0.63,0.774,0.722,0.431,0.656,0.134,0.384,0.354,0.263,0.233,0.459,0.308,11,19
Trea Turner,19,25,740,27,0.093,0.178,0.52,0.344,0.314,1.48,0.179,0.49,0.331,0.11,7.5,1.8,-3,7.5,0.7,0,0.266,0.65,0.436,0.677,0.884,0.813,0.441,0.624,0.081,0.431,0.354,0.215,0.187,0.498,0.315,11,13
Enrique Hernandez,21,26,462,17,0.108,0.169,0.64,0.336,0.266,0.85,0.186,0.375,0.439,0.146,7.7,5.3,-1.7,-0.5,2,0.1,0.248,0.684,0.432,0.648,0.873,0.798,0.423,0.597,0.087,0.432,0.351,0.216,0.195,0.451,0.354,11,7
Jason Heyward,8,28,489,23,0.086,0.123,0.7,0.335,0.297,1.41,0.181,0.479,0.34,0.062,15.5,-2.3,-2.6,-5.4,-1.1,-0.4,0.316,0.647,0.454,0.766,0.897,0.843,0.416,0.587,0.071,0.422,0.32,0.258,0.255,0.448,0.297,11,7
Ender Inciarte,10,27,660,27,0.074,0.13,0.57,0.325,0.293,1.46,0.24,0.451,0.309,0.064,-1.7,-2.2,0.8,0.8,3.5,-1,0.31,0.71,0.491,0.804,0.904,0.869,0.453,0.632,0.064,0.401,0.353,0.247,0.197,0.488,0.316,11,3
Rafael Devers,21,21,490,24,0.078,0.247,0.31,0.298,0.281,1.2,0.152,0.462,0.386,0.165,-7.1,3.4,1.2,1.7,-0.2,-0.7,0.373,0.737,0.52,0.636,0.827,0.745,0.404,0.643,0.132,0.372,0.366,0.263,0.205,0.45,0.344,10,#N/A
Jose Pirela,5,28,473,23,0.063,0.188,0.34,0.3,0.301,2.08,0.209,0.534,0.257,0.056,-13.2,-2.6,-1.1,1.8,0.5,-0.7,0.322,0.644,0.465,0.66,0.871,0.789,0.443,0.579,0.098,0.325,0.405,0.271,0.237,0.419,0.345,10,#N/A
Marcus Semien,15,27,703,35,0.087,0.186,0.47,0.318,0.296,1.03,0.228,0.392,0.38,0.078,-2.2,0,-0.1,2.1,-1.7,0.6,0.262,0.671,0.438,0.672,0.883,0.811,0.43,0.612,0.083,0.467,0.306,0.228,0.184,0.49,0.326,10,27
Victor Martinez,9,39,508,21,0.063,0.096,0.65,0.297,0.26,1.09,0.245,0.394,0.361,0.059,-8.9,2.2,-2.8,-1.6,-1.4,-1.8,0.338,0.698,0.492,0.8,0.914,0.869,0.427,0.575,0.065,0.428,0.32,0.252,0.155,0.475,0.369,10,27
Xander Bogaerts,23,25,580,45,0.095,0.176,0.54,0.36,0.317,1.22,0.212,0.433,0.356,0.155,18.7,9.6,-0.5,3.5,-1.7,0.1,0.301,0.613,0.432,0.658,0.893,0.798,0.421,0.567,0.087,0.434,0.348,0.218,0.166,0.456,0.379,10,21
Matt Wieters,8,32,271,8,0.111,0.166,0.67,0.33,0.261,0.75,0.208,0.339,0.453,0.092,-2.3,-0.7,1.4,-2.3,0.8,-0.3,0.287,0.708,0.454,0.73,0.906,0.839,0.395,0.491,0.073,0.394,0.368,0.238,0.197,0.461,0.342,10,17
David Freese,11,35,312,12,0.077,0.231,0.33,0.359,0.36,1.98,0.223,0.517,0.261,0.2,10.2,-1.1,-0.2,0,0.3,-0.9,0.275,0.621,0.429,0.65,0.829,0.765,0.444,0.609,0.101,0.36,0.337,0.303,0.161,0.479,0.36,10,13
Joe Panik,4,27,392,14,0.066,0.077,0.87,0.307,0.265,1.61,0.229,0.476,0.295,0.041,-9.4,-5.4,-0.7,4,1.8,0,0.217,0.656,0.421,0.78,0.96,0.911,0.465,0.584,0.038,0.384,0.333,0.282,0.183,0.505,0.312,10,10
Daniel Descalso,13,31,423,22,0.151,0.26,0.58,0.353,0.3,0.65,0.236,0.301,0.463,0.114,17.8,-4,1.4,1.1,-3.2,-0.7,0.23,0.671,0.424,0.543,0.837,0.748,0.44,0.601,0.107,0.492,0.293,0.215,0.159,0.411,0.431,10,8
Gerardo Parra,6,31,443,17,0.072,0.169,0.43,0.342,0.334,1.65,0.249,0.467,0.283,0.066,5.6,-2.1,0.8,-0.3,2,-2.1,0.33,0.744,0.509,0.675,0.894,0.813,0.431,0.616,0.095,0.363,0.338,0.299,0.139,0.52,0.341,10,7
Cameron Maybin,4,31,384,14,0.099,0.195,0.51,0.326,0.306,1.76,0.236,0.487,0.277,0.054,-1.2,-2,-1.8,1.3,-0.9,-0.5,0.25,0.614,0.412,0.624,0.906,0.811,0.445,0.617,0.078,0.379,0.413,0.208,0.197,0.468,0.335,10,4
Michael Brantley,17,31,631,36,0.076,0.095,0.8,0.364,0.319,1.49,0.247,0.45,0.303,0.109,12.4,2.8,1.9,2.7,2.7,1.5,0.271,0.658,0.441,0.787,0.973,0.909,0.439,0.58,0.04,0.404,0.368,0.228,0.122,0.507,0.371,9,#N/A
Pablo Sandoval,9,31,252,10,0.075,0.206,0.37,0.31,0.282,1.7,0.201,0.503,0.296,0.17,-0.8,0,0.6,-1.9,0.5,-0.1,0.388,0.624,0.479,0.749,0.839,0.795,0.387,0.536,0.099,0.335,0.369,0.296,0.156,0.436,0.408,9,#N/A
Manny Pina,9,31,337,13,0.062,0.184,0.34,0.307,0.285,1.19,0.258,0.403,0.339,0.107,1.8,-0.6,-1.9,-0.7,-4.2,-0.8,0.323,0.621,0.457,0.708,0.913,0.834,0.451,0.596,0.076,0.426,0.285,0.289,0.233,0.43,0.337,9,#N/A
Leury Garcia,4,27,275,7,0.033,0.251,0.13,0.303,0.355,2.14,0.286,0.486,0.227,0.095,6.3,-2,-1,-5.9,-0.1,-0.8,0.411,0.765,0.568,0.588,0.84,0.738,0.443,0.669,0.149,0.314,0.356,0.33,0.17,0.531,0.299,9,#N/A
Brad Miller,7,28,254,13,0.087,0.323,0.27,0.311,0.35,0.98,0.201,0.396,0.403,0.117,1.4,0,-1.7,-0.7,2.1,-0.3,0.326,0.718,0.488,0.538,0.779,0.685,0.414,0.587,0.154,0.34,0.42,0.24,0.187,0.393,0.42,9,30
Stephen Piscotty,27,27,605,41,0.069,0.188,0.37,0.331,0.29,1.36,0.222,0.449,0.33,0.188,9.7,0.8,0.7,0.6,2.4,-0.4,0.377,0.736,0.533,0.595,0.871,0.76,0.432,0.65,0.128,0.394,0.368,0.238,0.128,0.446,0.426,9,22
Alex Gordon,13,34,568,24,0.088,0.218,0.4,0.324,0.299,1.45,0.264,0.436,0.3,0.113,0.9,-3.8,-0.1,-0.5,1.4,-1.4,0.297,0.67,0.462,0.59,0.87,0.77,0.442,0.609,0.106,0.402,0.342,0.256,0.159,0.462,0.379,9,17
Robbie Grossman,5,28,465,27,0.129,0.178,0.72,0.367,0.329,1.04,0.242,0.387,0.371,0.042,10.6,-0.1,0.8,2,-0.4,2.1,0.186,0.637,0.391,0.613,0.938,0.854,0.453,0.594,0.057,0.366,0.347,0.288,0.175,0.509,0.316,9,11
Nick Hundley,10,34,305,13,0.072,0.279,0.26,0.298,0.31,0.97,0.269,0.36,0.371,0.137,-3.2,-0.4,2,-4,-0.3,-0.4,0.344,0.772,0.537,0.498,0.884,0.748,0.451,0.662,0.135,0.467,0.325,0.208,0.188,0.381,0.432,9,10
Cesar Hernandez,15,28,708,15,0.134,0.219,0.61,0.356,0.315,1.37,0.205,0.459,0.336,0.102,13.1,3.2,-0.9,-3.3,-6.3,0.4,0.203,0.588,0.376,0.6,0.897,0.809,0.45,0.583,0.072,0.403,0.322,0.275,0.205,0.555,0.24,9,6
Yoan Moncada,17,23,650,32,0.103,0.334,0.31,0.315,0.344,0.93,0.227,0.373,0.401,0.117,5.9,-6.4,-2.6,3.1,0.2,0,0.233,0.639,0.411,0.499,0.798,0.703,0.438,0.612,0.122,0.414,0.329,0.258,0.143,0.49,0.367,8,#N/A
Albert Almora Jr.,5,24,479,24,0.05,0.173,0.29,0.323,0.337,1.74,0.202,0.507,0.291,0.048,3.9,-2,-0.3,-5,-0.4,-0.8,0.419,0.707,0.543,0.638,0.879,0.773,0.429,0.683,0.123,0.382,0.323,0.295,0.233,0.493,0.274,8,#N/A
Austin Barnes,4,28,238,5,0.13,0.282,0.46,0.329,0.287,2.06,0.2,0.538,0.262,0.118,-7.1,-0.9,-2.1,2.7,0.3,0,0.205,0.52,0.356,0.697,0.894,0.835,0.479,0.529,0.059,0.455,0.336,0.209,0.224,0.463,0.313,8,#N/A
Caleb Joseph,3,32,280,14,0.036,0.243,0.15,0.254,0.282,1.05,0.208,0.406,0.386,0.039,-6.7,-5.1,-1.6,0.7,0.2,-0.4,0.37,0.692,0.512,0.604,0.877,0.767,0.441,0.6,0.12,0.382,0.332,0.286,0.156,0.603,0.241,8,#N/A
Roberto Perez,2,29,210,9,0.1,0.333,0.3,0.256,0.257,1.39,0.15,0.495,0.355,0.053,-3.7,-4.8,-2.8,-1.8,-1.5,-0.5,0.221,0.617,0.395,0.495,0.796,0.702,0.44,0.638,0.118,0.331,0.432,0.237,0.144,0.449,0.407,8,#N/A
Nick Markakis,14,34,705,43,0.102,0.113,0.9,0.366,0.318,1.44,0.266,0.433,0.301,0.084,8.9,1.6,-1.9,3.4,4.4,0,0.229,0.616,0.404,0.786,0.933,0.888,0.453,0.569,0.045,0.317,0.391,0.292,0.138,0.457,0.406,8,13
DJ LeMahieu,15,29,581,32,0.064,0.141,0.45,0.321,0.298,1.68,0.21,0.496,0.295,0.111,3.5,-1.3,2.1,1.8,0.1,-0.1,0.26,0.601,0.417,0.727,0.95,0.875,0.46,0.604,0.052,0.298,0.407,0.296,0.163,0.487,0.35,8,11
Adeiny Hechavarria,6,29,321,11,0.05,0.181,0.28,0.279,0.28,1.02,0.249,0.38,0.371,0.066,-8.3,-6.3,-3.4,4.7,2.6,-0.6,0.412,0.743,0.556,0.713,0.879,0.809,0.434,0.664,0.106,0.348,0.344,0.308,0.162,0.482,0.356,8,3
Ian Desmond,22,32,619,21,0.086,0.236,0.36,0.307,0.279,2.88,0.165,0.62,0.215,0.247,0.6,-2.1,3.5,1.3,-0.9,0.4,0.31,0.713,0.481,0.579,0.817,0.729,0.426,0.654,0.131,0.3,0.408,0.292,0.215,0.444,0.341,7,22
Aledmys Diaz,18,27,452,26,0.051,0.137,0.37,0.303,0.269,0.99,0.181,0.407,0.412,0.12,1.3,2.9,-1.1,1.2,-2.2,0.8,0.401,0.8,0.576,0.646,0.878,0.787,0.437,0.684,0.123,0.47,0.308,0.223,0.192,0.489,0.319,7,17
Joe Mauer,6,35,543,27,0.094,0.158,0.59,0.351,0.33,2.3,0.269,0.51,0.221,0.067,3.8,3,-1.7,-1.3,-0.1,-0.7,0.211,0.51,0.353,0.723,0.94,0.872,0.476,0.604,0.045,0.255,0.404,0.342,0.129,0.423,0.448,7,11
Starling Marte,20,29,606,32,0.058,0.18,0.32,0.327,0.312,1.57,0.171,0.507,0.322,0.14,4.1,-0.1,-0.5,3.6,6.6,0.4,0.361,0.772,0.536,0.608,0.873,0.771,0.427,0.634,0.123,0.403,0.35,0.247,0.196,0.469,0.335,7,9
Tucker Barnhart,10,27,522,21,0.103,0.184,0.56,0.328,0.291,1.46,0.244,0.449,0.307,0.09,1.8,0.3,-3.6,-1.9,-1.6,-0.4,0.288,0.69,0.454,0.662,0.909,0.817,0.413,0.559,0.083,0.443,0.319,0.238,0.132,0.484,0.384,7,7
Sandy Leon,5,29,288,12,0.052,0.26,0.2,0.232,0.226,1,0.17,0.415,0.415,0.064,-14.4,0.8,1.6,-3.1,-2.9,-1.5,0.35,0.64,0.468,0.685,0.864,0.785,0.407,0.594,0.101,0.446,0.332,0.223,0.218,0.518,0.264,7,7
Austin Jackson,3,31,375,17,0.069,0.355,0.2,0.299,0.387,1.5,0.229,0.463,0.308,0.045,-7.1,-5.1,2.5,-1.4,-3.1,0.2,0.269,0.646,0.449,0.516,0.787,0.702,0.477,0.624,0.134,0.349,0.428,0.223,0.112,0.581,0.307,7,0
Adam Frazier,10,26,352,23,0.082,0.151,0.55,0.342,0.305,1.57,0.196,0.491,0.313,0.12,1.1,7,-1.8,1.2,5.1,-0.1,0.275,0.667,0.45,0.793,0.914,0.873,0.445,0.577,0.057,0.378,0.348,0.273,0.154,0.498,0.348,6,#N/A
Ozzie Albies,24,21,684,40,0.053,0.17,0.31,0.305,0.285,0.97,0.213,0.388,0.399,0.115,2.8,3.4,3.9,-0.6,0.9,-1.7,0.382,0.823,0.562,0.682,0.873,0.796,0.408,0.635,0.115,0.448,0.311,0.241,0.163,0.493,0.344,6,#N/A
Guillermo Heredia,5,27,337,14,0.095,0.154,0.62,0.318,0.27,1.29,0.233,0.432,0.335,0.063,3.4,-3.1,-2.5,-0.2,-2.2,1.2,0.202,0.686,0.421,0.676,0.904,0.844,0.451,0.614,0.066,0.402,0.289,0.309,0.221,0.51,0.269,6,#N/A
Dansby Swanson,14,24,533,25,0.083,0.229,0.36,0.304,0.29,1.13,0.199,0.424,0.376,0.104,7.9,-12.4,0.3,-0.6,1,-1,0.365,0.687,0.499,0.618,0.862,0.758,0.418,0.64,0.121,0.427,0.318,0.255,0.178,0.466,0.356,6,#N/A
Adam Engel,6,26,463,17,0.039,0.279,0.14,0.279,0.322,1,0.184,0.408,0.408,0.05,-4.2,-9,-0.5,1.8,-2,-0.2,0.401,0.688,0.527,0.546,0.826,0.706,0.439,0.683,0.155,0.455,0.308,0.237,0.25,0.494,0.257,6,#N/A
Jonathan Lucroy,4,32,454,21,0.064,0.143,0.45,0.291,0.273,1.25,0.247,0.419,0.334,0.034,-11.7,-3.3,0.1,-4.3,0.1,0.7,0.308,0.584,0.435,0.792,0.937,0.881,0.46,0.615,0.052,0.325,0.401,0.275,0.179,0.473,0.347,6,24
Logan Forsythe,2,31,416,16,0.099,0.2,0.49,0.313,0.293,1.52,0.19,0.488,0.322,0.022,-6,1,-4.7,-3.7,-2.7,0.1,0.164,0.566,0.358,0.701,0.888,0.844,0.483,0.575,0.056,0.37,0.325,0.305,0.149,0.512,0.339,6,20
Alcides Escobar,4,31,531,22,0.055,0.139,0.39,0.279,0.263,1.44,0.216,0.462,0.322,0.031,-6.3,-6.8,-2.3,-4.5,-0.7,0,0.352,0.716,0.515,0.695,0.882,0.811,0.448,0.659,0.097,0.415,0.341,0.244,0.201,0.495,0.303,6,7
Jose Iglesias,5,28,464,31,0.041,0.101,0.4,0.31,0.291,1.3,0.229,0.436,0.335,0.039,-2.3,-3.2,-2.4,2.8,3.8,-0.9,0.397,0.619,0.497,0.791,0.939,0.874,0.451,0.571,0.063,0.421,0.341,0.239,0.21,0.521,0.269,6,4
Delino DeShields,2,25,393,14,0.109,0.211,0.52,0.31,0.28,1.54,0.19,0.491,0.319,0.027,-3.6,-7.5,-0.9,1.6,-1,0.6,0.234,0.584,0.39,0.642,0.895,0.811,0.445,0.623,0.074,0.311,0.375,0.314,0.193,0.53,0.277,6,4
Brandon Nimmo,17,25,535,28,0.15,0.262,0.57,0.404,0.351,1.35,0.216,0.45,0.333,0.175,17.8,4.8,4.2,4.4,-0.5,1,0.197,0.636,0.392,0.575,0.827,0.757,0.445,0.63,0.096,0.447,0.321,0.232,0.184,0.444,0.372,5,#N/A
Daniel Robertson,9,24,340,16,0.126,0.226,0.56,0.382,0.328,1.67,0.188,0.507,0.304,0.143,2,3.2,-1.6,3.5,3.1,0.2,0.257,0.593,0.392,0.583,0.876,0.761,0.403,0.632,0.094,0.416,0.333,0.251,0.222,0.43,0.348,5,#N/A
Wilmer Difo,7,26,456,14,0.086,0.18,0.48,0.298,0.269,1.25,0.237,0.425,0.338,0.064,0.5,-2.3,-3.2,-1.6,-5.5,-1.2,0.319,0.683,0.474,0.666,0.858,0.784,0.426,0.599,0.102,0.408,0.336,0.255,0.255,0.535,0.21,5,#N/A
Christian Vazquez,3,27,269,10,0.048,0.152,0.32,0.257,0.237,1.17,0.214,0.424,0.362,0.039,-11.6,-5.3,-0.6,0.4,0.2,-0.1,0.347,0.669,0.489,0.75,0.947,0.869,0.442,0.632,0.064,0.332,0.318,0.351,0.18,0.545,0.275,5,#N/A
Rajai Davis,1,37,216,6,0.051,0.222,0.23,0.278,0.291,1.5,0.218,0.469,0.313,0.022,-5.2,-3.2,-0.6,-0.1,-0.9,0.2,0.354,0.744,0.522,0.581,0.889,0.77,0.429,0.63,0.12,0.294,0.379,0.327,0.307,0.425,0.268,5,12
Jose Peraza,14,24,683,31,0.042,0.11,0.39,0.326,0.307,0.96,0.255,0.365,0.38,0.068,-0.2,-2.2,0.8,0.6,-0.5,1.2,0.352,0.676,0.491,0.761,0.957,0.877,0.43,0.619,0.061,0.353,0.36,0.288,0.188,0.518,0.295,5,3
Francisco Cervelli,12,32,404,15,0.126,0.208,0.61,0.378,0.308,0.93,0.194,0.389,0.417,0.114,9.4,-0.3,2.4,0.7,-0.5,0.2,0.215,0.629,0.394,0.547,0.87,0.77,0.434,0.606,0.091,0.386,0.347,0.268,0.158,0.504,0.339,5,1
Ketel Marte,14,24,580,26,0.093,0.136,0.68,0.332,0.282,1.77,0.197,0.512,0.29,0.109,4,-1.1,-0.3,4,3.8,0.5,0.281,0.684,0.455,0.775,0.904,0.859,0.432,0.585,0.064,0.367,0.392,0.241,0.21,0.43,0.36,5,1
Jarrod Dyson,2,33,237,4,0.114,0.143,0.79,0.282,0.216,1.48,0.225,0.463,0.313,0.04,-3.7,-4,0.5,-0.8,-3.3,-0.2,0.234,0.589,0.396,0.746,0.897,0.849,0.457,0.587,0.06,0.398,0.369,0.233,0.21,0.563,0.227,5,1
Johan Camargo,19,24,524,27,0.097,0.206,0.47,0.349,0.315,1.27,0.198,0.448,0.354,0.15,7.9,1,-1.8,1,1.2,2.9,0.36,0.697,0.495,0.667,0.818,0.752,0.4,0.576,0.123,0.412,0.334,0.254,0.187,0.451,0.362,4,#N/A
Alen Hanson,8,25,310,17,0.029,0.229,0.13,0.274,0.303,1.08,0.167,0.432,0.401,0.09,2.2,-2,4.9,-4.4,-2.5,-0.2,0.38,0.745,0.537,0.563,0.834,0.725,0.43,0.674,0.148,0.511,0.314,0.175,0.21,0.52,0.271,4,#N/A
Carlos Asuaje,2,26,218,8,0.11,0.211,0.52,0.286,0.243,1.02,0.207,0.4,0.393,0.035,-9.3,-4.5,0.9,2.4,0.1,-0.1,0.269,0.678,0.46,0.667,0.895,0.824,0.469,0.642,0.081,0.422,0.299,0.279,0.197,0.449,0.354,4,#N/A
Kolten Wong,9,27,407,18,0.076,0.147,0.52,0.332,0.275,1.57,0.199,0.489,0.312,0.102,-4.5,1.2,1,0.5,4.7,-1.5,0.249,0.623,0.416,0.713,0.888,0.83,0.446,0.573,0.071,0.404,0.354,0.242,0.215,0.503,0.282,4,5
Joey Rickard,8,27,230,10,0.065,0.239,0.27,0.3,0.293,0.82,0.218,0.353,0.429,0.119,-2.2,-2.2,2.6,-1.4,2,-0.1,0.339,0.628,0.47,0.689,0.875,0.801,0.453,0.657,0.093,0.418,0.342,0.241,0.228,0.481,0.291,4,5
Billy Hamilton,4,27,556,16,0.083,0.237,0.35,0.299,0.309,1.08,0.269,0.379,0.352,0.031,-7.1,-4.5,2.7,-1.9,-4.8,1,0.299,0.676,0.475,0.677,0.84,0.785,0.466,0.653,0.102,0.348,0.334,0.318,0.268,0.541,0.191,4,3
J.T. Riddle,9,26,332,10,0.06,0.202,0.3,0.277,0.266,1.62,0.231,0.475,0.293,0.127,2.7,-4.4,-3,-2.5,1.4,-2.1,0.346,0.704,0.507,0.699,0.857,0.798,0.45,0.563,0.102,0.38,0.392,0.229,0.184,0.498,0.318,3,#N/A
Andrew Knapp,4,26,215,6,0.112,0.349,0.32,0.294,0.303,1.08,0.259,0.384,0.357,0.1,1.3,0.3,-1.5,-2.1,-3.7,-0.4,0.277,0.724,0.473,0.464,0.767,0.668,0.439,0.549,0.157,0.404,0.421,0.175,0.14,0.535,0.325,3,#N/A
Gregor Blanco,2,34,203,7,0.059,0.286,0.21,0.262,0.3,1.38,0.273,0.422,0.305,0.051,-6.8,0.1,-2.1,1,-2.2,0.2,0.256,0.618,0.428,0.655,0.841,0.782,0.474,0.645,0.093,0.308,0.331,0.361,0.188,0.519,0.293,3,1
Omar Narvaez,9,26,322,14,0.118,0.202,0.58,0.366,0.33,1.45,0.29,0.421,0.29,0.145,5.8,3.3,-1.1,-0.5,2.7,-0.2,0.235,0.65,0.426,0.699,0.89,0.833,0.46,0.634,0.071,0.346,0.373,0.281,0.18,0.535,0.286,2,#N/A
Austin Romine,10,29,265,12,0.064,0.253,0.25,0.295,0.292,1.51,0.192,0.486,0.322,0.175,3.3,-3.8,0.5,-0.3,-3.3,-0.3,0.37,0.666,0.495,0.603,0.885,0.763,0.42,0.615,0.117,0.274,0.397,0.33,0.179,0.464,0.358,2,#N/A
Jeff Mathis,1,35,218,9,0.092,0.303,0.3,0.272,0.292,0.96,0.24,0.372,0.388,0.02,-7.4,-2.2,-1.8,-3.8,0.6,0,0.27,0.674,0.44,0.526,0.798,0.701,0.42,0.628,0.131,0.439,0.333,0.227,0.159,0.439,0.402,2,#N/A
Jace Peterson,3,28,246,13,0.126,0.236,0.53,0.31,0.26,1.41,0.185,0.477,0.338,0.059,-6.9,-2.4,1.6,0.6,-0.3,-1,0.211,0.634,0.398,0.558,0.854,0.767,0.443,0.529,0.093,0.403,0.299,0.299,0.149,0.571,0.279,2,7
Mallex Smith,2,25,544,27,0.086,0.18,0.48,0.367,0.366,1.96,0.249,0.497,0.254,0.021,11.1,-1.5,-2.4,2.2,-1.4,-0.3,0.296,0.726,0.489,0.64,0.829,0.766,0.449,0.612,0.115,0.289,0.379,0.333,0.192,0.537,0.271,2,3
Greg Garcia,3,28,208,6,0.096,0.178,0.54,0.309,0.259,1.42,0.216,0.46,0.324,0.067,-4.6,-1.1,-0.7,-1.7,0.9,0.5,0.221,0.626,0.414,0.72,0.9,0.849,0.476,0.606,0.062,0.286,0.395,0.32,0.191,0.531,0.279,2,3
Jon Jay,3,33,586,19,0.056,0.162,0.35,0.33,0.319,3.59,0.242,0.593,0.165,0.042,-3.3,4.4,-1.8,0.1,-4.3,-0.1,0.357,0.651,0.488,0.689,0.913,0.822,0.445,0.626,0.087,0.334,0.352,0.314,0.127,0.518,0.355,2,2
Dee Gordon,4,30,588,17,0.015,0.136,0.11,0.288,0.304,2.47,0.224,0.552,0.224,0.039,-16.5,-1.1,0.7,-0.5,3.2,-1.5,0.414,0.686,0.536,0.745,0.941,0.858,0.45,0.648,0.076,0.329,0.363,0.308,0.2,0.596,0.204,2,1
Elias Diaz,10,27,277,12,0.076,0.144,0.53,0.339,0.302,1.26,0.2,0.447,0.353,0.132,0.7,1,-0.3,4.3,0.8,0.3,0.295,0.692,0.465,0.616,0.899,0.797,0.429,0.614,0.095,0.377,0.358,0.265,0.195,0.442,0.363,1,#N/A
Miguel Rojas,11,29,528,13,0.045,0.131,0.35,0.297,0.272,1.61,0.238,0.47,0.292,0.089,-2.8,-7.2,1.2,-5.6,-2.6,1.1,0.352,0.651,0.486,0.723,0.94,0.853,0.446,0.602,0.071,0.327,0.377,0.297,0.2,0.532,0.268,1,1
Gorkys Hernandez,15,30,451,16,0.06,0.251,0.24,0.285,0.283,1.36,0.161,0.483,0.356,0.142,-10.3,-0.9,-1.6,0.6,0.4,-0.1,0.32,0.717,0.496,0.532,0.817,0.714,0.442,0.619,0.142,0.381,0.345,0.274,0.209,0.404,0.388,0,#N/A
Tony Wolters,3,26,216,4,0.12,0.153,0.79,0.292,0.189,2.07,0.154,0.57,0.275,0.073,-4.8,-2.8,1.5,1.2,-2.4,-1,0.258,0.651,0.434,0.748,0.881,0.837,0.447,0.607,0.071,0.358,0.338,0.305,0.179,0.609,0.212,0,3
